,glac_id,WGMS_ID,x,y,NAME,FRONT_VARIATION,Year,onDrive
0,G216152E69302N,1388,-143.848,69.302,MCCALL,0,1906,TRUE
1,G216152E69302N,1388,-143.848,69.302,MCCALL,-272,1958,TRUE
2,G216152E69302N,1388,-143.848,69.302,MCCALL,-48,1970,TRUE
3,G216152E69302N,1388,-143.848,69.302,MCCALL,9,1971,TRUE
4,G216152E69302N,1388,-143.848,69.302,MCCALL,-285,1993,TRUE
5,G216152E69302N,1388,-143.848,69.302,MCCALL,-5.4,1994,TRUE
6,G216152E69302N,1388,-143.848,69.302,MCCALL,-19,1995,TRUE
7,G216152E69302N,1388,-143.848,69.302,MCCALL,-76,1998,TRUE
8,G216152E69302N,1388,-143.848,69.302,MCCALL,-13,1999,TRUE
9,G216152E69302N,1388,-143.848,69.302,MCCALL,-14,2000,TRUE
10,G216152E69302N,1388,-143.848,69.302,MCCALL,-41,2005,TRUE
11,G073183E39306N,2182,73.183,39.306,NO.042.14.03.17,0,1980,TRUE
12,G073183E39306N,2182,73.183,39.306,NO.042.14.03.17,-30,1990,TRUE
13,G098570E39226N,837,98.57,39.226,YANGLONGHE NO.5,-13,1977,TRUE
14,G072629E37727N,2256,72.629,37.727,NO.394.14.03.15,-100,1990,TRUE
15,G073461E38435N,2203,73.461,38.435,NO.446.14.03.13,-80,1990,TRUE
16,G072709E38006N,2222,72.709,38.006,NO.093.14.03.14,-30,1990,TRUE
17,G088313E43812N,862,88.313,43.812,SIGONHE NO.5,-19,1961,TRUE
18,G086801E43117N,1512,86.801,43.117,URUMQI GLACIER NO. 1 W-BRANCH,-4.6,1996,TRUE
19,G086801E43117N,1512,86.801,43.117,URUMQI GLACIER NO. 1 W-BRANCH,-4.8,1997,TRUE
20,G086801E43117N,1512,86.801,43.117,URUMQI GLACIER NO. 1 W-BRANCH,-4.5,1998,TRUE
21,G086801E43117N,1512,86.801,43.117,URUMQI GLACIER NO. 1 W-BRANCH,-4.9,1999,TRUE
22,G086801E43117N,1512,86.801,43.117,URUMQI GLACIER NO. 1 W-BRANCH,-6.9,2000,TRUE
23,G086801E43117N,1512,86.801,43.117,URUMQI GLACIER NO. 1 W-BRANCH,-7,2001,TRUE
24,G086801E43117N,1512,86.801,43.117,URUMQI GLACIER NO. 1 W-BRANCH,-6.2,2002,TRUE
25,G086801E43117N,1512,86.801,43.117,URUMQI GLACIER NO. 1 W-BRANCH,-6.1,2003,TRUE
26,G086801E43117N,1512,86.801,43.117,URUMQI GLACIER NO. 1 W-BRANCH,-6.3,2004,TRUE
27,G086801E43117N,1512,86.801,43.117,URUMQI GLACIER NO. 1 W-BRANCH,-6.1,2005,TRUE
28,G086801E43117N,1512,86.801,43.117,URUMQI GLACIER NO. 1 W-BRANCH,-7,2009,TRUE
29,G086801E43117N,1512,86.801,43.117,URUMQI GLACIER NO. 1 W-BRANCH,4,2012,TRUE
30,G086801E43117N,1512,86.801,43.117,URUMQI GLACIER NO. 1 W-BRANCH,-4,2013,TRUE
31,G086801E43117N,1512,86.801,43.117,URUMQI GLACIER NO. 1 W-BRANCH,-4,2014,TRUE
32,G086801E43117N,1512,86.801,43.117,URUMQI GLACIER NO. 1 W-BRANCH,-4,2015,TRUE
33,G086801E43117N,1512,86.801,43.117,URUMQI GLACIER NO. 1 W-BRANCH,-7,2016,TRUE
34,G086801E43117N,1512,86.801,43.117,URUMQI GLACIER NO. 1 W-BRANCH,5,2017,TRUE
35,G072559E37965N,2217,72.559,37.965,NO.052.14.03.14,-10,1978,TRUE
36,G072559E37965N,2217,72.559,37.965,NO.052.14.03.14,-40,1990,TRUE
37,G072722E37654N,2251,72.722,37.654,URTA-BAKCHIGIR 2,-70,1978,TRUE
38,G072722E37654N,2251,72.722,37.654,URTA-BAKCHIGIR 2,-335,1990,TRUE
39,G073199E37935N,2236,73.199,37.935,NO.174.14.03.14,-80,1990,TRUE
40,G086810E43111N,1511,86.81,43.111,URUMQI GLACIER NO. 1 E-BRANCH,-3.4,1996,TRUE
41,G086810E43111N,1511,86.81,43.111,URUMQI GLACIER NO. 1 E-BRANCH,-3.7,1997,TRUE
42,G086810E43111N,1511,86.81,43.111,URUMQI GLACIER NO. 1 E-BRANCH,-3.5,1998,TRUE
43,G086810E43111N,1511,86.81,43.111,URUMQI GLACIER NO. 1 E-BRANCH,-3.4,1999,TRUE
44,G086810E43111N,1511,86.81,43.111,URUMQI GLACIER NO. 1 E-BRANCH,-3.4,2000,TRUE
45,G086810E43111N,1511,86.81,43.111,URUMQI GLACIER NO. 1 E-BRANCH,-3.1,2001,TRUE
46,G086810E43111N,1511,86.81,43.111,URUMQI GLACIER NO. 1 E-BRANCH,-3.1,2002,TRUE
47,G086810E43111N,1511,86.81,43.111,URUMQI GLACIER NO. 1 E-BRANCH,-3.1,2003,TRUE
48,G086810E43111N,1511,86.81,43.111,URUMQI GLACIER NO. 1 E-BRANCH,-3.2,2004,TRUE
49,G086810E43111N,1511,86.81,43.111,URUMQI GLACIER NO. 1 E-BRANCH,-3.1,2005,TRUE
50,G086810E43111N,1511,86.81,43.111,URUMQI GLACIER NO. 1 E-BRANCH,-4,2009,TRUE
51,G086810E43111N,1511,86.81,43.111,URUMQI GLACIER NO. 1 E-BRANCH,8,2012,TRUE
52,G086810E43111N,1511,86.81,43.111,URUMQI GLACIER NO. 1 E-BRANCH,-8,2013,TRUE
53,G086810E43111N,1511,86.81,43.111,URUMQI GLACIER NO. 1 E-BRANCH,-8,2014,TRUE
54,G086810E43111N,1511,86.81,43.111,URUMQI GLACIER NO. 1 E-BRANCH,-8,2015,TRUE
55,G086810E43111N,1511,86.81,43.111,URUMQI GLACIER NO. 1 E-BRANCH,-6,2016,TRUE
56,G086810E43111N,1511,86.81,43.111,URUMQI GLACIER NO. 1 E-BRANCH,8,2017,TRUE
57,G071570E39610N,732,71.57,39.61,ABRAMOV,-572,1900,TRUE
58,G071570E39610N,732,71.57,39.61,ABRAMOV,-232,1936,TRUE
59,G071570E39610N,732,71.57,39.61,ABRAMOV,-169,1954,TRUE
60,G071570E39610N,732,71.57,39.61,ABRAMOV,-125,1964,TRUE
61,G071570E39610N,732,71.57,39.61,ABRAMOV,-70,1973,TRUE
62,G071570E39610N,732,71.57,39.61,ABRAMOV,-92,1980,TRUE
63,G071570E39610N,732,71.57,39.61,ABRAMOV,-52,1986,TRUE
64,G071570E39610N,732,71.57,39.61,ABRAMOV,-193,1992,TRUE
65,G071570E39610N,732,71.57,39.61,ABRAMOV,-201,2000,TRUE
66,G071570E39610N,732,71.57,39.61,ABRAMOV,-102,2007,TRUE
67,G071570E39610N,732,71.57,39.61,ABRAMOV,-27,2008,TRUE
68,G071570E39610N,732,71.57,39.61,ABRAMOV,-39,2009,TRUE
69,G071570E39610N,732,71.57,39.61,ABRAMOV,-69,2010,TRUE
70,G071570E39610N,732,71.57,39.61,ABRAMOV,-22,2012,TRUE
71,G071570E39610N,732,71.57,39.61,ABRAMOV,-32,2013,TRUE
72,G071570E39610N,732,71.57,39.61,ABRAMOV,-27,2014,TRUE
73,G071570E39610N,732,71.57,39.61,ABRAMOV,-38,2016,TRUE
74,G080334E42156N,864,80.334,42.156,TUGEBIELIQI,-180,1964,TRUE
75,G080334E42156N,864,80.334,42.156,TUGEBIELIQI,-150,1976,TRUE
76,G073097E38055N,2245,73.097,38.055,NO.284.14.03.14,-100,1990,TRUE
77,G073589E38486N,2207,73.589,38.486,KYZYLDZHILGA,-55,1990,TRUE
78,G072469E38099N,2211,72.469,38.099,NO.031.14.03.14,95,1978,TRUE
79,G072469E38099N,2211,72.469,38.099,NO.031.14.03.14,145,1990,TRUE
80,G078291E41798N,9416,78.291,41.798,KAINDY (AKSHIYRAK),325,1973,TRUE
81,G078291E41798N,9416,78.291,41.798,KAINDY (AKSHIYRAK),20,1980,TRUE
82,G072699E37702N,2253,72.699,37.702,NO.385.14.03.15,-100,1990,TRUE
83,G072988E38874N,2160,72.988,38.874,NO.139.14.03.17,0,1980,TRUE
84,G072988E38874N,2160,72.988,38.874,NO.139.14.03.17,-15,1990,TRUE
85,G073548E38446N,709,73.548,38.446,AKBAYTAL,-27,1962,TRUE
86,G073548E38446N,709,73.548,38.446,AKBAYTAL,31,1963,TRUE
87,G073548E38446N,709,73.548,38.446,AKBAYTAL,-12,1964,TRUE
88,G073548E38446N,709,73.548,38.446,AKBAYTAL,8,1965,TRUE
89,G073548E38446N,709,73.548,38.446,AKBAYTAL,-24,1966,TRUE
90,G073548E38446N,709,73.548,38.446,AKBAYTAL,-61,1967,TRUE
91,G073548E38446N,709,73.548,38.446,AKBAYTAL,0,1975,TRUE
92,G073548E38446N,709,73.548,38.446,AKBAYTAL,-50,1990,TRUE
93,G072867E39103N,2170,72.867,39.103,NO.259.14.03.17,-20,1980,FALSE
94,G072867E39103N,2170,72.867,39.103,NO.259.14.03.17,-30,1990,FALSE
95,G072746E37985N,2224,72.746,37.985,NO.101.14.03.14,-50,1990,FALSE
96,G073785E38955N,2194,73.785,38.955,NO.030.14.03.17,-25,1990,FALSE
97,G073528E38455N,2210,73.528,38.455,NO.096.14.03.17,-50,1990,FALSE
98,G072533E38016N,2215,72.533,38.016,NO.046.14.03.14,-15,1978,FALSE
99,G072533E38016N,2215,72.533,38.016,NO.046.14.03.14,-55,1990,FALSE
100,G079485E44891N,1092,79.485,44.891,BEZSONOV,-122,1972,FALSE
101,G080314E45078N,1100,80.314,45.078,GERASIMOV,-5.2,1967,FALSE
102,G080314E45078N,1100,80.314,45.078,GERASIMOV,-7.1,1968,FALSE
103,G080314E45078N,1100,80.314,45.078,GERASIMOV,-3.2,1969,FALSE
104,G080314E45078N,1100,80.314,45.078,GERASIMOV,-4,1970,FALSE
105,G080314E45078N,1100,80.314,45.078,GERASIMOV,-2,1971,FALSE
106,G080314E45078N,1100,80.314,45.078,GERASIMOV,-4,1972,FALSE
107,G080229E45083N,797,80.229,45.083,SHUMSKIY,-5.1,1967,FALSE
108,G080229E45083N,797,80.229,45.083,SHUMSKIY,-5,1968,FALSE
109,G080229E45083N,797,80.229,45.083,SHUMSKIY,-3.5,1969,FALSE
110,G080229E45083N,797,80.229,45.083,SHUMSKIY,-3,1970,FALSE
111,G080229E45083N,797,80.229,45.083,SHUMSKIY,-3,1971,FALSE
112,G080229E45083N,797,80.229,45.083,SHUMSKIY,-4,1972,FALSE
113,G080229E45083N,797,80.229,45.083,SHUMSKIY,-4,1973,FALSE
114,G080229E45083N,797,80.229,45.083,SHUMSKIY,-3,1974,FALSE
115,G080229E45083N,797,80.229,45.083,SHUMSKIY,-1.5,1976,FALSE
116,G080229E45083N,797,80.229,45.083,SHUMSKIY,-9,1977,FALSE
117,G080229E45083N,797,80.229,45.083,SHUMSKIY,-9.5,1978,FALSE
118,G080229E45083N,797,80.229,45.083,SHUMSKIY,-7,1979,FALSE
119,G080229E45083N,797,80.229,45.083,SHUMSKIY,-4.5,1980,FALSE
120,G080229E45083N,797,80.229,45.083,SHUMSKIY,-4.5,1981,FALSE
121,G080229E45083N,797,80.229,45.083,SHUMSKIY,-6.3,1982,FALSE
122,G080229E45083N,797,80.229,45.083,SHUMSKIY,-7.4,1983,FALSE
123,G080229E45083N,797,80.229,45.083,SHUMSKIY,-7,1984,FALSE
124,G080229E45083N,797,80.229,45.083,SHUMSKIY,-6.6,1985,FALSE
125,G080229E45083N,797,80.229,45.083,SHUMSKIY,-4.5,1986,FALSE
126,G080229E45083N,797,80.229,45.083,SHUMSKIY,-4.5,1987,FALSE
127,G080229E45083N,797,80.229,45.083,SHUMSKIY,-3,1988,FALSE
128,G080229E45083N,797,80.229,45.083,SHUMSKIY,-3.5,1989,FALSE
129,G080229E45083N,797,80.229,45.083,SHUMSKIY,-9.4,1990,FALSE
130,G080229E45083N,797,80.229,45.083,SHUMSKIY,-7.2,1991,FALSE
131,G072711E37680N,2252,72.711,37.68,URTA-BAKCHIGIR 1,-290,1990,FALSE
132,G073387E38467N,2205,73.387,38.467,NO.453.14.03.13,-55,1990,FALSE
133,G073864E38912N,2198,73.864,38.912,NO.040.14.03.17,-45,1990,FALSE
134,G073432E38444N,2204,73.432,38.444,NO.449.14.03.13,-80,1990,FALSE
135,G080088E45018N,1095,80.088,45.018,FYODOROVICH,-5,1967,FALSE
136,G080088E45018N,1095,80.088,45.018,FYODOROVICH,-3.7,1968,FALSE
137,G080088E45018N,1095,80.088,45.018,FYODOROVICH,-3.9,1969,FALSE
138,G080088E45018N,1095,80.088,45.018,FYODOROVICH,-4,1970,FALSE
139,G080088E45018N,1095,80.088,45.018,FYODOROVICH,-3,1971,FALSE
140,G080088E45018N,1095,80.088,45.018,FYODOROVICH,0,1972,FALSE
141,G080088E45018N,1095,80.088,45.018,FYODOROVICH,-4,1973,FALSE
142,G080088E45018N,1095,80.088,45.018,FYODOROVICH,-4,1974,FALSE
143,G070137E39532N,785,70.137,39.532,TURO,-9.7,1981,FALSE
144,G070137E39532N,785,70.137,39.532,TURO,3.2,1982,FALSE
145,G070137E39532N,785,70.137,39.532,TURO,4.4,1983,FALSE
146,G070137E39532N,785,70.137,39.532,TURO,17.9,1984,FALSE
147,G070137E39532N,785,70.137,39.532,TURO,-28.5,1985,FALSE
148,G070137E39532N,785,70.137,39.532,TURO,-6.2,1986,FALSE
149,G070137E39532N,785,70.137,39.532,TURO,-7.1,1987,FALSE
150,G070137E39532N,785,70.137,39.532,TURO,-3.2,1988,FALSE
151,G070137E39532N,785,70.137,39.532,TURO,-25.4,1990,FALSE
152,G074498E42454N,753,74.498,42.454,GOLUBIN,-131,1883,FALSE
153,G074498E42454N,753,74.498,42.454,GOLUBIN,-100,1905,FALSE
154,G074498E42454N,753,74.498,42.454,GOLUBIN,-110,1927,FALSE
155,G074498E42454N,753,74.498,42.454,GOLUBIN,-125,1949,FALSE
156,G074498E42454N,753,74.498,42.454,GOLUBIN,-72,1955,FALSE
157,G074498E42454N,753,74.498,42.454,GOLUBIN,-42,1962,FALSE
158,G074498E42454N,753,74.498,42.454,GOLUBIN,-22,1967,FALSE
159,G074498E42454N,753,74.498,42.454,GOLUBIN,-17,1972,FALSE
160,G074498E42454N,753,74.498,42.454,GOLUBIN,-47,1975,FALSE
161,G074498E42454N,753,74.498,42.454,GOLUBIN,-26,1976,FALSE
162,G074498E42454N,753,74.498,42.454,GOLUBIN,-6,1977,FALSE
163,G074498E42454N,753,74.498,42.454,GOLUBIN,-30,1978,FALSE
164,G074498E42454N,753,74.498,42.454,GOLUBIN,-39,1989,FALSE
165,G074498E42454N,753,74.498,42.454,GOLUBIN,-65,1992,FALSE
166,G074498E42454N,753,74.498,42.454,GOLUBIN,-7,1993,FALSE
167,G074498E42454N,753,74.498,42.454,GOLUBIN,-8,1994,FALSE
168,G074498E42454N,753,74.498,42.454,GOLUBIN,-7,1995,FALSE
169,G074498E42454N,753,74.498,42.454,GOLUBIN,-20,1996,FALSE
170,G074498E42454N,753,74.498,42.454,GOLUBIN,-16,1997,FALSE
171,G074498E42454N,753,74.498,42.454,GOLUBIN,-71,2000,FALSE
172,G074498E42454N,753,74.498,42.454,GOLUBIN,-34,2001,FALSE
173,G074498E42454N,753,74.498,42.454,GOLUBIN,-37,2002,FALSE
174,G074498E42454N,753,74.498,42.454,GOLUBIN,-79,2006,FALSE
175,G074498E42454N,753,74.498,42.454,GOLUBIN,-27,2008,FALSE
176,G074498E42454N,753,74.498,42.454,GOLUBIN,-22,2011,FALSE
177,G074498E42454N,753,74.498,42.454,GOLUBIN,-12,2012,FALSE
178,G074498E42454N,753,74.498,42.454,GOLUBIN,-38,2013,FALSE
179,G074498E42454N,753,74.498,42.454,GOLUBIN,-32,2014,FALSE
180,G074498E42454N,753,74.498,42.454,GOLUBIN,-25,2015,FALSE
181,G074498E42454N,753,74.498,42.454,GOLUBIN,-27,2016,FALSE
182,G072742E37625N,711,72.742,37.625,BAKCHIGIR,0,1975,FALSE
183,G072742E37625N,711,72.742,37.625,BAKCHIGIR,-50,1978,FALSE
184,G072742E37625N,711,72.742,37.625,BAKCHIGIR,-215,1990,FALSE
185,G079373E44889N,1093,79.373,44.889,TRONOV,-103,1972,FALSE
186,G070672E39517N,745,70.672,39.517,ZERAVSHANSKIY,-1200.5,1975,FALSE
187,G070672E39517N,745,70.672,39.517,ZERAVSHANSKIY,-28,1977,FALSE
188,G070672E39517N,745,70.672,39.517,ZERAVSHANSKIY,-16,1978,FALSE
189,G070672E39517N,745,70.672,39.517,ZERAVSHANSKIY,-52,1979,FALSE
190,G070672E39517N,745,70.672,39.517,ZERAVSHANSKIY,-140,1980,FALSE
191,G070672E39517N,745,70.672,39.517,ZERAVSHANSKIY,-28.6,1981,FALSE
192,G070672E39517N,745,70.672,39.517,ZERAVSHANSKIY,-27.5,1982,FALSE
193,G070672E39517N,745,70.672,39.517,ZERAVSHANSKIY,-20.6,1983,FALSE
194,G070672E39517N,745,70.672,39.517,ZERAVSHANSKIY,-105,1984,FALSE
195,G070672E39517N,745,70.672,39.517,ZERAVSHANSKIY,-114,1985,FALSE
196,G070672E39517N,745,70.672,39.517,ZERAVSHANSKIY,-125,1986,FALSE
197,G070672E39517N,745,70.672,39.517,ZERAVSHANSKIY,-73,1987,FALSE
198,G070672E39517N,745,70.672,39.517,ZERAVSHANSKIY,-335,1988,FALSE
199,G070672E39517N,745,70.672,39.517,ZERAVSHANSKIY,-35,1990,FALSE
200,G073500E38440N,2202,73.5,38.44,ZORTASHKOL,-115,1990,FALSE
201,G007026E45991N,457,7.026,45.991,TRIENT,14,1880,FALSE
202,G007026E45991N,457,7.026,45.991,TRIENT,-10,1881,FALSE
203,G007026E45991N,457,7.026,45.991,TRIENT,4,1882,FALSE
204,G007026E45991N,457,7.026,45.991,TRIENT,10,1883,FALSE
205,G007026E45991N,457,7.026,45.991,TRIENT,10,1884,FALSE
206,G007026E45991N,457,7.026,45.991,TRIENT,12,1885,FALSE
207,G007026E45991N,457,7.026,45.991,TRIENT,19,1886,FALSE
208,G007026E45991N,457,7.026,45.991,TRIENT,20,1887,FALSE
209,G007026E45991N,457,7.026,45.991,TRIENT,20,1888,FALSE
210,G007026E45991N,457,7.026,45.991,TRIENT,11,1889,FALSE
211,G007026E45991N,457,7.026,45.991,TRIENT,12,1890,FALSE
212,G007026E45991N,457,7.026,45.991,TRIENT,17,1891,FALSE
213,G007026E45991N,457,7.026,45.991,TRIENT,15,1892,FALSE
214,G007026E45991N,457,7.026,45.991,TRIENT,12,1893,FALSE
215,G007026E45991N,457,7.026,45.991,TRIENT,8,1894,FALSE
216,G007026E45991N,457,7.026,45.991,TRIENT,2,1895,FALSE
217,G007026E45991N,457,7.026,45.991,TRIENT,0,1896,FALSE
218,G007026E45991N,457,7.026,45.991,TRIENT,-1,1897,FALSE
219,G007026E45991N,457,7.026,45.991,TRIENT,-13,1898,FALSE
220,G007026E45991N,457,7.026,45.991,TRIENT,-7,1899,FALSE
221,G007026E45991N,457,7.026,45.991,TRIENT,-6,1900,FALSE
222,G007026E45991N,457,7.026,45.991,TRIENT,-7,1901,FALSE
223,G007026E45991N,457,7.026,45.991,TRIENT,-5,1902,FALSE
224,G007026E45991N,457,7.026,45.991,TRIENT,-10,1903,FALSE
225,G007026E45991N,457,7.026,45.991,TRIENT,-18,1904,FALSE
226,G007026E45991N,457,7.026,45.991,TRIENT,-24,1905,FALSE
227,G007026E45991N,457,7.026,45.991,TRIENT,-18,1906,FALSE
228,G007026E45991N,457,7.026,45.991,TRIENT,-21,1907,FALSE
229,G007026E45991N,457,7.026,45.991,TRIENT,-27,1908,FALSE
230,G007026E45991N,457,7.026,45.991,TRIENT,-14,1909,FALSE
231,G007026E45991N,457,7.026,45.991,TRIENT,-7,1910,FALSE
232,G007026E45991N,457,7.026,45.991,TRIENT,-16,1911,FALSE
233,G007026E45991N,457,7.026,45.991,TRIENT,-11,1913,FALSE
234,G007026E45991N,457,7.026,45.991,TRIENT,-8,1914,FALSE
235,G007026E45991N,457,7.026,45.991,TRIENT,0,1915,FALSE
236,G007026E45991N,457,7.026,45.991,TRIENT,15,1916,FALSE
237,G007026E45991N,457,7.026,45.991,TRIENT,26,1917,FALSE
238,G007026E45991N,457,7.026,45.991,TRIENT,27,1918,FALSE
239,G007026E45991N,457,7.026,45.991,TRIENT,31,1919,FALSE
240,G007026E45991N,457,7.026,45.991,TRIENT,24,1920,FALSE
241,G007026E45991N,457,7.026,45.991,TRIENT,20,1921,FALSE
242,G007026E45991N,457,7.026,45.991,TRIENT,6,1922,FALSE
243,G007026E45991N,457,7.026,45.991,TRIENT,0,1923,FALSE
244,G007026E45991N,457,7.026,45.991,TRIENT,0,1924,FALSE
245,G007026E45991N,457,7.026,45.991,TRIENT,-5,1925,FALSE
246,G007026E45991N,457,7.026,45.991,TRIENT,-6,1926,FALSE
247,G007026E45991N,457,7.026,45.991,TRIENT,-2,1927,FALSE
248,G007026E45991N,457,7.026,45.991,TRIENT,-5,1928,FALSE
249,G007026E45991N,457,7.026,45.991,TRIENT,-5,1929,FALSE
250,G007026E45991N,457,7.026,45.991,TRIENT,-17,1930,FALSE
251,G007026E45991N,457,7.026,45.991,TRIENT,-16,1931,FALSE
252,G007026E45991N,457,7.026,45.991,TRIENT,-10,1932,FALSE
253,G007026E45991N,457,7.026,45.991,TRIENT,-16,1933,FALSE
254,G007026E45991N,457,7.026,45.991,TRIENT,-25,1934,FALSE
255,G007026E45991N,457,7.026,45.991,TRIENT,-20,1935,FALSE
256,G007026E45991N,457,7.026,45.991,TRIENT,-20,1936,FALSE
257,G007026E45991N,457,7.026,45.991,TRIENT,-12,1937,FALSE
258,G007026E45991N,457,7.026,45.991,TRIENT,-25,1938,FALSE
259,G007026E45991N,457,7.026,45.991,TRIENT,-14,1939,FALSE
260,G007026E45991N,457,7.026,45.991,TRIENT,-21,1940,FALSE
261,G007026E45991N,457,7.026,45.991,TRIENT,-6,1941,FALSE
262,G007026E45991N,457,7.026,45.991,TRIENT,-6,1942,FALSE
263,G007026E45991N,457,7.026,45.991,TRIENT,3,1943,FALSE
264,G007026E45991N,457,7.026,45.991,TRIENT,-3,1944,FALSE
265,G007026E45991N,457,7.026,45.991,TRIENT,-15,1945,FALSE
266,G007026E45991N,457,7.026,45.991,TRIENT,-16,1946,FALSE
267,G007026E45991N,457,7.026,45.991,TRIENT,-17,1947,FALSE
268,G007026E45991N,457,7.026,45.991,TRIENT,-15,1948,FALSE
269,G007026E45991N,457,7.026,45.991,TRIENT,-28,1949,FALSE
270,G007026E45991N,457,7.026,45.991,TRIENT,-26,1950,FALSE
271,G007026E45991N,457,7.026,45.991,TRIENT,-36,1951,FALSE
272,G007026E45991N,457,7.026,45.991,TRIENT,-43,1952,FALSE
273,G007026E45991N,457,7.026,45.991,TRIENT,-34,1953,FALSE
274,G007026E45991N,457,7.026,45.991,TRIENT,-36,1954,FALSE
275,G007026E45991N,457,7.026,45.991,TRIENT,-54,1955,FALSE
276,G007026E45991N,457,7.026,45.991,TRIENT,-20,1956,FALSE
277,G007026E45991N,457,7.026,45.991,TRIENT,-20,1957,FALSE
278,G007026E45991N,457,7.026,45.991,TRIENT,15,1958,FALSE
279,G007026E45991N,457,7.026,45.991,TRIENT,8,1959,FALSE
280,G007026E45991N,457,7.026,45.991,TRIENT,17,1960,FALSE
281,G007026E45991N,457,7.026,45.991,TRIENT,-26,1961,FALSE
282,G007026E45991N,457,7.026,45.991,TRIENT,32,1962,FALSE
283,G007026E45991N,457,7.026,45.991,TRIENT,21,1963,FALSE
284,G007026E45991N,457,7.026,45.991,TRIENT,18,1964,FALSE
285,G007026E45991N,457,7.026,45.991,TRIENT,8,1965,FALSE
286,G007026E45991N,457,7.026,45.991,TRIENT,24,1966,FALSE
287,G007026E45991N,457,7.026,45.991,TRIENT,27,1967,FALSE
288,G007026E45991N,457,7.026,45.991,TRIENT,24,1968,FALSE
289,G007026E45991N,457,7.026,45.991,TRIENT,15,1969,FALSE
290,G007026E45991N,457,7.026,45.991,TRIENT,25,1970,FALSE
291,G007026E45991N,457,7.026,45.991,TRIENT,22,1971,FALSE
292,G007026E45991N,457,7.026,45.991,TRIENT,14,1972,FALSE
293,G007026E45991N,457,7.026,45.991,TRIENT,22,1973,FALSE
294,G007026E45991N,457,7.026,45.991,TRIENT,13,1974,FALSE
295,G007026E45991N,457,7.026,45.991,TRIENT,10,1975,FALSE
296,G007026E45991N,457,7.026,45.991,TRIENT,3,1976,FALSE
297,G007026E45991N,457,7.026,45.991,TRIENT,5,1977,FALSE
298,G007026E45991N,457,7.026,45.991,TRIENT,3,1978,FALSE
299,G007026E45991N,457,7.026,45.991,TRIENT,9,1979,FALSE
300,G007026E45991N,457,7.026,45.991,TRIENT,16,1980,FALSE
301,G007026E45991N,457,7.026,45.991,TRIENT,15,1981,FALSE
302,G007026E45991N,457,7.026,45.991,TRIENT,15,1982,FALSE
303,G007026E45991N,457,7.026,45.991,TRIENT,9,1983,FALSE
304,G007026E45991N,457,7.026,45.991,TRIENT,8,1984,FALSE
305,G007026E45991N,457,7.026,45.991,TRIENT,10,1985,FALSE
306,G007026E45991N,457,7.026,45.991,TRIENT,7,1986,FALSE
307,G007026E45991N,457,7.026,45.991,TRIENT,4,1987,FALSE
308,G007026E45991N,457,7.026,45.991,TRIENT,-10,1988,FALSE
309,G007026E45991N,457,7.026,45.991,TRIENT,-5,1989,FALSE
310,G007026E45991N,457,7.026,45.991,TRIENT,-13,1990,FALSE
311,G007026E45991N,457,7.026,45.991,TRIENT,-19,1991,FALSE
312,G007026E45991N,457,7.026,45.991,TRIENT,-15,1992,FALSE
313,G007026E45991N,457,7.026,45.991,TRIENT,-58,1994,FALSE
314,G007026E45991N,457,7.026,45.991,TRIENT,-40,1995,FALSE
315,G007026E45991N,457,7.026,45.991,TRIENT,-21,1996,FALSE
316,G007026E45991N,457,7.026,45.991,TRIENT,-50,1997,FALSE
317,G007026E45991N,457,7.026,45.991,TRIENT,-60,1998,FALSE
318,G007026E45991N,457,7.026,45.991,TRIENT,-80,1999,FALSE
319,G007026E45991N,457,7.026,45.991,TRIENT,-180,2000,FALSE
320,G007026E45991N,457,7.026,45.991,TRIENT,-30,2001,FALSE
321,G007026E45991N,457,7.026,45.991,TRIENT,-35,2002,FALSE
322,G007026E45991N,457,7.026,45.991,TRIENT,-50,2003,FALSE
323,G007026E45991N,457,7.026,45.991,TRIENT,-19,2004,FALSE
324,G007026E45991N,457,7.026,45.991,TRIENT,-35,2005,FALSE
325,G007026E45991N,457,7.026,45.991,TRIENT,-5,2006,FALSE
326,G007026E45991N,457,7.026,45.991,TRIENT,-18,2007,FALSE
327,G007026E45991N,457,7.026,45.991,TRIENT,-91,2008,FALSE
328,G007026E45991N,457,7.026,45.991,TRIENT,-151,2009,FALSE
329,G007026E45991N,457,7.026,45.991,TRIENT,14,2010,FALSE
330,G007026E45991N,457,7.026,45.991,TRIENT,0,2011,FALSE
331,G007026E45991N,457,7.026,45.991,TRIENT,-18,2012,FALSE
332,G007026E45991N,457,7.026,45.991,TRIENT,-17,2013,FALSE
333,G007026E45991N,457,7.026,45.991,TRIENT,-41,2014,FALSE
334,G007026E45991N,457,7.026,45.991,TRIENT,-4,2015,FALSE
335,G007026E45991N,457,7.026,45.991,TRIENT,-15,2016,FALSE
336,G007026E45991N,457,7.026,45.991,TRIENT,-38,2017,FALSE
337,G306775E67094N,10417,-53.225,67.094,AQQUTIKITSOQ,-872,1985,FALSE
338,G306775E67094N,10417,-53.225,67.094,AQQUTIKITSOQ,-173,2014,FALSE
339,G098704E28433N,847,98.704,28.433,NAINUOGERU,-2000,1959,FALSE
340,G098704E28433N,847,98.704,28.433,NAINUOGERU,830,1971,FALSE
341,G098704E28433N,847,98.704,28.433,NAINUOGERU,70,1982,FALSE
342,G168609E44455S,898,168.609,-44.455,DART,-50,1986,FALSE
343,G168609E44455S,898,168.609,-44.455,DART,-50,1987,FALSE
344,G168609E44455S,898,168.609,-44.455,DART,-100,1988,FALSE
345,G168609E44455S,898,168.609,-44.455,DART,-100,1989,FALSE
346,G168609E44455S,898,168.609,-44.455,DART,-100,1990,FALSE
347,G168609E44455S,898,168.609,-44.455,DART,-32,2011,FALSE
348,G170591E43444S,1581,170.591,-43.444,GODLEY,-164,2011,FALSE
349,G169947E43804S,1574,169.947,-43.804,RICHARDSON,-55,2011,FALSE
350,G168578E44439S,1588,168.578,-44.439,SNOW WHITE,-62,2011,FALSE
351,G170734E43324S,2923,170.734,-43.324,ADAMS,-17,2011,FALSE
352,G269123E79515N,0,-90.877,79.515,WHITE,-5.5,1960,FALSE
353,G269123E79515N,0,-90.877,79.515,WHITE,-4.5,1961,FALSE
354,G269123E79515N,0,-90.877,79.515,WHITE,-6.5,1962,FALSE
355,G269123E79515N,0,-90.877,79.515,WHITE,-5.5,1963,FALSE
356,G269123E79515N,0,-90.877,79.515,WHITE,-9,1965,FALSE
357,G269123E79515N,0,-90.877,79.515,WHITE,-5,1966,FALSE
358,G269123E79515N,0,-90.877,79.515,WHITE,-3.5,1967,FALSE
359,G269123E79515N,0,-90.877,79.515,WHITE,-9,1968,FALSE
360,G269123E79515N,0,-90.877,79.515,WHITE,-7,1969,FALSE
361,G269123E79515N,0,-90.877,79.515,WHITE,-31,1976,FALSE
362,G269123E79515N,0,-90.877,79.515,WHITE,-8,1977,FALSE
363,G037314E00157S,695,37.314,-0.157,LEWIS,-20,1899,FALSE
364,G037314E00157S,695,37.314,-0.157,LEWIS,-120,1926,FALSE
365,G037314E00157S,695,37.314,-0.157,LEWIS,-60,1934,FALSE
366,G037314E00157S,695,37.314,-0.157,LEWIS,-130,1947,FALSE
367,G037314E00157S,695,37.314,-0.157,LEWIS,-80,1958,FALSE
368,G037314E00157S,695,37.314,-0.157,LEWIS,-15,1963,FALSE
369,G037314E00157S,695,37.314,-0.157,LEWIS,-35,1974,FALSE
370,G037314E00157S,695,37.314,-0.157,LEWIS,-25,1978,FALSE
371,G037314E00157S,695,37.314,-0.157,LEWIS,-40,1982,FALSE
372,G037314E00157S,695,37.314,-0.157,LEWIS,-53,1985,FALSE
373,G037314E00157S,695,37.314,-0.157,LEWIS,-32,1986,FALSE
374,G037314E00157S,695,37.314,-0.157,LEWIS,-245,1987,FALSE
375,G037314E00157S,695,37.314,-0.157,LEWIS,-48,1990,FALSE
376,G037314E00157S,695,37.314,-0.157,LEWIS,-25,1993,FALSE
377,G037314E00157S,695,37.314,-0.157,LEWIS,-215,2004,FALSE
378,G037314E00157S,695,37.314,-0.157,LEWIS,-13,2010,FALSE
379,G008132E61573N,302,8.132,61.573,STORBREEN,-150,1888,FALSE
380,G008132E61573N,302,8.132,61.573,STORBREEN,-70,1900,FALSE
381,G008132E61573N,302,8.132,61.573,STORBREEN,-30,1901,FALSE
382,G008132E61573N,302,8.132,61.573,STORBREEN,-30,1902,FALSE
383,G008132E61573N,302,8.132,61.573,STORBREEN,-28,1904,FALSE
384,G008132E61573N,302,8.132,61.573,STORBREEN,-6,1905,FALSE
385,G008132E61573N,302,8.132,61.573,STORBREEN,-22,1906,FALSE
386,G008132E61573N,302,8.132,61.573,STORBREEN,9,1907,FALSE
387,G008132E61573N,302,8.132,61.573,STORBREEN,-17,1909,FALSE
388,G008132E61573N,302,8.132,61.573,STORBREEN,4,1910,FALSE
389,G008132E61573N,302,8.132,61.573,STORBREEN,-35,1911,FALSE
390,G008132E61573N,302,8.132,61.573,STORBREEN,-11,1912,FALSE
391,G008132E61573N,302,8.132,61.573,STORBREEN,-59,1919,FALSE
392,G008132E61573N,302,8.132,61.573,STORBREEN,-66,1933,FALSE
393,G008132E61573N,302,8.132,61.573,STORBREEN,-23,1934,FALSE
394,G008132E61573N,302,8.132,61.573,STORBREEN,-15,1935,FALSE
395,G008132E61573N,302,8.132,61.573,STORBREEN,-42,1936,FALSE
396,G008132E61573N,302,8.132,61.573,STORBREEN,-26,1937,FALSE
397,G008132E61573N,302,8.132,61.573,STORBREEN,-44,1938,FALSE
398,G008132E61573N,302,8.132,61.573,STORBREEN,-23,1939,FALSE
399,G008132E61573N,302,8.132,61.573,STORBREEN,-43,1941,FALSE
400,G008132E61573N,302,8.132,61.573,STORBREEN,-5,1942,FALSE
401,G008132E61573N,302,8.132,61.573,STORBREEN,-1,1943,FALSE
402,G008132E61573N,302,8.132,61.573,STORBREEN,-14,1944,FALSE
403,G008132E61573N,302,8.132,61.573,STORBREEN,-18,1945,FALSE
404,G008132E61573N,302,8.132,61.573,STORBREEN,-43,1946,FALSE
405,G008132E61573N,302,8.132,61.573,STORBREEN,-25,1947,FALSE
406,G008132E61573N,302,8.132,61.573,STORBREEN,-60,1948,FALSE
407,G008132E61573N,302,8.132,61.573,STORBREEN,-13,1949,FALSE
408,G008132E61573N,302,8.132,61.573,STORBREEN,-36,1950,FALSE
409,G008132E61573N,302,8.132,61.573,STORBREEN,-17,1951,FALSE
410,G008132E61573N,302,8.132,61.573,STORBREEN,-9,1952,FALSE
411,G008132E61573N,302,8.132,61.573,STORBREEN,-20,1953,FALSE
412,G008132E61573N,302,8.132,61.573,STORBREEN,-18,1954,FALSE
413,G008132E61573N,302,8.132,61.573,STORBREEN,-13,1955,FALSE
414,G008132E61573N,302,8.132,61.573,STORBREEN,-15,1956,FALSE
415,G008132E61573N,302,8.132,61.573,STORBREEN,-20,1957,FALSE
416,G008132E61573N,302,8.132,61.573,STORBREEN,-40,1959,FALSE
417,G008132E61573N,302,8.132,61.573,STORBREEN,-20,1960,FALSE
418,G008132E61573N,302,8.132,61.573,STORBREEN,-25,1961,FALSE
419,G008132E61573N,302,8.132,61.573,STORBREEN,-5,1962,FALSE
420,G008132E61573N,302,8.132,61.573,STORBREEN,-20,1963,FALSE
421,G008132E61573N,302,8.132,61.573,STORBREEN,-11,1964,FALSE
422,G008132E61573N,302,8.132,61.573,STORBREEN,-8,1965,FALSE
423,G008132E61573N,302,8.132,61.573,STORBREEN,-6,1966,FALSE
424,G008132E61573N,302,8.132,61.573,STORBREEN,-5,1967,FALSE
425,G008132E61573N,302,8.132,61.573,STORBREEN,-8,1968,FALSE
426,G008132E61573N,302,8.132,61.573,STORBREEN,-14,1969,FALSE
427,G008132E61573N,302,8.132,61.573,STORBREEN,-18,1970,FALSE
428,G008132E61573N,302,8.132,61.573,STORBREEN,-14,1971,FALSE
429,G008132E61573N,302,8.132,61.573,STORBREEN,-10,1972,FALSE
430,G008132E61573N,302,8.132,61.573,STORBREEN,-5,1973,FALSE
431,G008132E61573N,302,8.132,61.573,STORBREEN,-5,1974,FALSE
432,G008132E61573N,302,8.132,61.573,STORBREEN,-7,1975,FALSE
433,G008132E61573N,302,8.132,61.573,STORBREEN,-10,1976,FALSE
434,G008132E61573N,302,8.132,61.573,STORBREEN,-8,1977,FALSE
435,G008132E61573N,302,8.132,61.573,STORBREEN,-5,1978,FALSE
436,G008132E61573N,302,8.132,61.573,STORBREEN,-6,1979,FALSE
437,G008132E61573N,302,8.132,61.573,STORBREEN,-10,1980,FALSE
438,G008132E61573N,302,8.132,61.573,STORBREEN,-10,1981,FALSE
439,G008132E61573N,302,8.132,61.573,STORBREEN,-5,1985,FALSE
440,G008132E61573N,302,8.132,61.573,STORBREEN,-2,1987,FALSE
441,G008132E61573N,302,8.132,61.573,STORBREEN,-13,1988,FALSE
442,G008132E61573N,302,8.132,61.573,STORBREEN,10,1989,FALSE
443,G008132E61573N,302,8.132,61.573,STORBREEN,3,1990,FALSE
444,G008132E61573N,302,8.132,61.573,STORBREEN,-1,1994,FALSE
445,G008132E61573N,302,8.132,61.573,STORBREEN,0,1995,FALSE
446,G008132E61573N,302,8.132,61.573,STORBREEN,-7,1996,FALSE
447,G008132E61573N,302,8.132,61.573,STORBREEN,3,1997,FALSE
448,G008132E61573N,302,8.132,61.573,STORBREEN,-7,1998,FALSE
449,G008132E61573N,302,8.132,61.573,STORBREEN,1,1999,FALSE
450,G008132E61573N,302,8.132,61.573,STORBREEN,-12,2001,FALSE
451,G008132E61573N,302,8.132,61.573,STORBREEN,-20,2003,FALSE
452,G008132E61573N,302,8.132,61.573,STORBREEN,-5,2004,FALSE
453,G008132E61573N,302,8.132,61.573,STORBREEN,-16,2006,FALSE
454,G008132E61573N,302,8.132,61.573,STORBREEN,-1,2007,FALSE
455,G008132E61573N,302,8.132,61.573,STORBREEN,-7,2008,FALSE
456,G008132E61573N,302,8.132,61.573,STORBREEN,-5,2009,FALSE
457,G008132E61573N,302,8.132,61.573,STORBREEN,-14,2010,FALSE
458,G008132E61573N,302,8.132,61.573,STORBREEN,-5,2011,FALSE
459,G008132E61573N,302,8.132,61.573,STORBREEN,-17,2013,FALSE
460,G008132E61573N,302,8.132,61.573,STORBREEN,-13,2014,FALSE
461,G008132E61573N,302,8.132,61.573,STORBREEN,-12,2016,FALSE
462,G008132E61573N,302,8.132,61.573,STORBREEN,-6,2017,FALSE
463,G014367E66003N,3341,14.367,66.003,CORNELIUSSENBREEN,-44,2007,FALSE
464,G014367E66003N,3341,14.367,66.003,CORNELIUSSENBREEN,-46,2008,FALSE
465,G014367E66003N,3341,14.367,66.003,CORNELIUSSENBREEN,7,2010,FALSE
466,G014367E66003N,3341,14.367,66.003,CORNELIUSSENBREEN,-29,2012,FALSE
467,G014367E66003N,3341,14.367,66.003,CORNELIUSSENBREEN,-22,2013,FALSE
468,G014367E66003N,3341,14.367,66.003,CORNELIUSSENBREEN,-10,2014,FALSE
469,G014367E66003N,3341,14.367,66.003,CORNELIUSSENBREEN,3,2015,FALSE
470,G014367E66003N,3341,14.367,66.003,CORNELIUSSENBREEN,-14,2016,FALSE
471,G018428E68052N,331,18.428,68.052,PASSUSJIETNA E,-14,1969,FALSE
472,G018428E68052N,331,18.428,68.052,PASSUSJIETNA E,-14,1971,FALSE
473,G018428E68052N,331,18.428,68.052,PASSUSJIETNA E,-20,1972,FALSE
474,G018428E68052N,331,18.428,68.052,PASSUSJIETNA E,-14,1974,FALSE
475,G018428E68052N,331,18.428,68.052,PASSUSJIETNA E,-2,1977,FALSE
476,G018428E68052N,331,18.428,68.052,PASSUSJIETNA E,-4,1978,FALSE
477,G018428E68052N,331,18.428,68.052,PASSUSJIETNA E,-44.2,1985,FALSE
478,G018428E68052N,331,18.428,68.052,PASSUSJIETNA E,-24,1988,FALSE
479,G018428E68052N,331,18.428,68.052,PASSUSJIETNA E,0,1989,FALSE
480,G018428E68052N,331,18.428,68.052,PASSUSJIETNA E,0,1990,FALSE
481,G018428E68052N,331,18.428,68.052,PASSUSJIETNA E,0,1992,FALSE
482,G018428E68052N,331,18.428,68.052,PASSUSJIETNA E,0,1993,FALSE
483,G018428E68052N,331,18.428,68.052,PASSUSJIETNA E,-2.3,1995,FALSE
484,G018428E68052N,331,18.428,68.052,PASSUSJIETNA E,-16.5,1997,FALSE
485,G018428E68052N,331,18.428,68.052,PASSUSJIETNA E,-20,1998,FALSE
486,G018428E68052N,331,18.428,68.052,PASSUSJIETNA E,-60,2006,FALSE
487,G018428E68052N,331,18.428,68.052,PASSUSJIETNA E,-32,2010,FALSE
488,G018428E68052N,331,18.428,68.052,PASSUSJIETNA E,-10,2013,FALSE
489,G018428E68052N,331,18.428,68.052,PASSUSJIETNA E,-17,2016,FALSE
490,G018686E68081N,1461,18.686,68.081,MARMAGLACIAEREN,-161,1991,FALSE
491,G018686E68081N,1461,18.686,68.081,MARMAGLACIAEREN,-65,2008,FALSE
492,G018686E68081N,1461,18.686,68.081,MARMAGLACIAEREN,-23,2012,FALSE
493,G018686E68081N,1461,18.686,68.081,MARMAGLACIAEREN,-22,2013,FALSE
494,G018686E68081N,1461,18.686,68.081,MARMAGLACIAEREN,-22,2014,FALSE
495,G018686E68081N,1461,18.686,68.081,MARMAGLACIAEREN,-6,2016,FALSE
496,G018686E68081N,1461,18.686,68.081,MARMAGLACIAEREN,0,2017,FALSE
497,G018434E67976N,343,18.434,67.976,UNNA RAEITA GLACIAEREN,42,1951,FALSE
498,G018434E67976N,343,18.434,67.976,UNNA RAEITA GLACIAEREN,-6,1967,FALSE
499,G018434E67976N,343,18.434,67.976,UNNA RAEITA GLACIAEREN,-5,1968,FALSE
500,G018434E67976N,343,18.434,67.976,UNNA RAEITA GLACIAEREN,-8,1971,FALSE
501,G018434E67976N,343,18.434,67.976,UNNA RAEITA GLACIAEREN,-12,1972,FALSE
502,G018434E67976N,343,18.434,67.976,UNNA RAEITA GLACIAEREN,-23.6,1985,FALSE
503,G018434E67976N,343,18.434,67.976,UNNA RAEITA GLACIAEREN,-8,1988,FALSE
504,G018434E67976N,343,18.434,67.976,UNNA RAEITA GLACIAEREN,0,1989,FALSE
505,G018434E67976N,343,18.434,67.976,UNNA RAEITA GLACIAEREN,0,1990,FALSE
506,G018434E67976N,343,18.434,67.976,UNNA RAEITA GLACIAEREN,0,1991,FALSE
507,G018434E67976N,343,18.434,67.976,UNNA RAEITA GLACIAEREN,0,1992,FALSE
508,G018434E67976N,343,18.434,67.976,UNNA RAEITA GLACIAEREN,0,1993,FALSE
509,G018434E67976N,343,18.434,67.976,UNNA RAEITA GLACIAEREN,0,1994,FALSE
510,G018434E67976N,343,18.434,67.976,UNNA RAEITA GLACIAEREN,0,1995,FALSE
511,G018434E67976N,343,18.434,67.976,UNNA RAEITA GLACIAEREN,-2.6,1996,FALSE
512,G018434E67976N,343,18.434,67.976,UNNA RAEITA GLACIAEREN,-16,2011,FALSE
513,G018434E67976N,343,18.434,67.976,UNNA RAEITA GLACIAEREN,-10,2013,FALSE
514,G018569E67903N,332,18.569,67.903,STORGLACIAEREN,5.5,1908,FALSE
515,G018569E67903N,332,18.569,67.903,STORGLACIAEREN,-17,1911,FALSE
516,G018569E67903N,332,18.569,67.903,STORGLACIAEREN,-52,1929,FALSE
517,G018569E67903N,332,18.569,67.903,STORGLACIAEREN,-6,1930,FALSE
518,G018569E67903N,332,18.569,67.903,STORGLACIAEREN,-70,1939,FALSE
519,G018569E67903N,332,18.569,67.903,STORGLACIAEREN,-48,1944,FALSE
520,G018569E67903N,332,18.569,67.903,STORGLACIAEREN,-11,1945,FALSE
521,G018569E67903N,332,18.569,67.903,STORGLACIAEREN,-15,1946,FALSE
522,G018569E67903N,332,18.569,67.903,STORGLACIAEREN,-20,1947,FALSE
523,G018569E67903N,332,18.569,67.903,STORGLACIAEREN,-22,1948,FALSE
524,G018569E67903N,332,18.569,67.903,STORGLACIAEREN,-14,1949,FALSE
525,G018569E67903N,332,18.569,67.903,STORGLACIAEREN,-15,1951,FALSE
526,G018569E67903N,332,18.569,67.903,STORGLACIAEREN,-15,1952,FALSE
527,G018569E67903N,332,18.569,67.903,STORGLACIAEREN,-17,1953,FALSE
528,G018569E67903N,332,18.569,67.903,STORGLACIAEREN,-16,1954,FALSE
529,G018569E67903N,332,18.569,67.903,STORGLACIAEREN,-9,1955,FALSE
530,G018569E67903N,332,18.569,67.903,STORGLACIAEREN,-7,1956,FALSE
531,G018569E67903N,332,18.569,67.903,STORGLACIAEREN,-10,1957,FALSE
532,G018569E67903N,332,18.569,67.903,STORGLACIAEREN,-7,1958,FALSE
533,G018569E67903N,332,18.569,67.903,STORGLACIAEREN,-4,1959,FALSE
534,G018569E67903N,332,18.569,67.903,STORGLACIAEREN,-15,1960,FALSE
535,G018569E67903N,332,18.569,67.903,STORGLACIAEREN,-12,1961,FALSE
536,G018569E67903N,332,18.569,67.903,STORGLACIAEREN,-9,1962,FALSE
537,G018569E67903N,332,18.569,67.903,STORGLACIAEREN,-11,1963,FALSE
538,G018569E67903N,332,18.569,67.903,STORGLACIAEREN,0,1964,FALSE
539,G018569E67903N,332,18.569,67.903,STORGLACIAEREN,-5,1965,FALSE
540,G018569E67903N,332,18.569,67.903,STORGLACIAEREN,-10,1966,FALSE
541,G018569E67903N,332,18.569,67.903,STORGLACIAEREN,-5,1967,FALSE
542,G018569E67903N,332,18.569,67.903,STORGLACIAEREN,-5,1968,FALSE
543,G018569E67903N,332,18.569,67.903,STORGLACIAEREN,-9,1969,FALSE
544,G018569E67903N,332,18.569,67.903,STORGLACIAEREN,-13,1970,FALSE
545,G018569E67903N,332,18.569,67.903,STORGLACIAEREN,-6,1971,FALSE
546,G018569E67903N,332,18.569,67.903,STORGLACIAEREN,-8,1972,FALSE
547,G018569E67903N,332,18.569,67.903,STORGLACIAEREN,0,1973,FALSE
548,G018569E67903N,332,18.569,67.903,STORGLACIAEREN,-2,1974,FALSE
549,G018569E67903N,332,18.569,67.903,STORGLACIAEREN,-2,1978,FALSE
550,G018569E67903N,332,18.569,67.903,STORGLACIAEREN,-7,1979,FALSE
551,G018569E67903N,332,18.569,67.903,STORGLACIAEREN,-8,1980,FALSE
552,G018569E67903N,332,18.569,67.903,STORGLACIAEREN,-1.5,1981,FALSE
553,G018569E67903N,332,18.569,67.903,STORGLACIAEREN,0,1983,FALSE
554,G018569E67903N,332,18.569,67.903,STORGLACIAEREN,-2.5,1984,FALSE
555,G018569E67903N,332,18.569,67.903,STORGLACIAEREN,-12,1985,FALSE
556,G018569E67903N,332,18.569,67.903,STORGLACIAEREN,-3,1986,FALSE
557,G018569E67903N,332,18.569,67.903,STORGLACIAEREN,0,1987,FALSE
558,G018569E67903N,332,18.569,67.903,STORGLACIAEREN,-9,1988,FALSE
559,G018569E67903N,332,18.569,67.903,STORGLACIAEREN,0,1989,FALSE
560,G018569E67903N,332,18.569,67.903,STORGLACIAEREN,0,1990,FALSE
561,G018569E67903N,332,18.569,67.903,STORGLACIAEREN,0,1991,FALSE
562,G018569E67903N,332,18.569,67.903,STORGLACIAEREN,0,1992,FALSE
563,G018569E67903N,332,18.569,67.903,STORGLACIAEREN,0,1993,FALSE
564,G018569E67903N,332,18.569,67.903,STORGLACIAEREN,0,1994,FALSE
565,G018569E67903N,332,18.569,67.903,STORGLACIAEREN,0,1995,FALSE
566,G018569E67903N,332,18.569,67.903,STORGLACIAEREN,0,2000,FALSE
567,G018569E67903N,332,18.569,67.903,STORGLACIAEREN,-1,2001,FALSE
568,G018569E67903N,332,18.569,67.903,STORGLACIAEREN,-2.1,2002,FALSE
569,G018569E67903N,332,18.569,67.903,STORGLACIAEREN,-14,2006,FALSE
570,G018569E67903N,332,18.569,67.903,STORGLACIAEREN,-10,2010,FALSE
571,G018569E67903N,332,18.569,67.903,STORGLACIAEREN,-18,2012,FALSE
572,G018569E67903N,332,18.569,67.903,STORGLACIAEREN,-5,2013,FALSE
573,G018569E67903N,332,18.569,67.903,STORGLACIAEREN,-22,2016,FALSE
574,G018569E67903N,332,18.569,67.903,STORGLACIAEREN,-16,2018,FALSE
575,G018384E68049N,345,18.384,68.049,PASSUSJIETNA W,-17,1969,FALSE
576,G018384E68049N,345,18.384,68.049,PASSUSJIETNA W,-23,1971,FALSE
577,G018384E68049N,345,18.384,68.049,PASSUSJIETNA W,-20,1972,FALSE
578,G018384E68049N,345,18.384,68.049,PASSUSJIETNA W,-29,1974,FALSE
579,G018384E68049N,345,18.384,68.049,PASSUSJIETNA W,-11,1977,FALSE
580,G018384E68049N,345,18.384,68.049,PASSUSJIETNA W,-7,1978,FALSE
581,G018384E68049N,345,18.384,68.049,PASSUSJIETNA W,-213,1988,FALSE
582,G018384E68049N,345,18.384,68.049,PASSUSJIETNA W,0,1989,FALSE
583,G018384E68049N,345,18.384,68.049,PASSUSJIETNA W,0,1990,FALSE
584,G018384E68049N,345,18.384,68.049,PASSUSJIETNA W,-2,1992,FALSE
585,G018384E68049N,345,18.384,68.049,PASSUSJIETNA W,-4,1993,FALSE
586,G018384E68049N,345,18.384,68.049,PASSUSJIETNA W,-2,1994,FALSE
587,G018384E68049N,345,18.384,68.049,PASSUSJIETNA W,0,1995,FALSE
588,G018384E68049N,345,18.384,68.049,PASSUSJIETNA W,-20,2013,FALSE
589,G018384E68049N,345,18.384,68.049,PASSUSJIETNA W,-12,2016,FALSE
590,G018399E67969N,335,18.399,67.969,STOUR RAEITAGLACIAEREN,-20,1971,FALSE
591,G018399E67969N,335,18.399,67.969,STOUR RAEITAGLACIAEREN,-17,1977,FALSE
592,G018399E67969N,335,18.399,67.969,STOUR RAEITAGLACIAEREN,-39.9,1985,FALSE
593,G018399E67969N,335,18.399,67.969,STOUR RAEITAGLACIAEREN,0,1992,FALSE
594,G018399E67969N,335,18.399,67.969,STOUR RAEITAGLACIAEREN,-5,1993,FALSE
595,G018399E67969N,335,18.399,67.969,STOUR RAEITAGLACIAEREN,-3,1994,FALSE
596,G018399E67969N,335,18.399,67.969,STOUR RAEITAGLACIAEREN,-1,1995,FALSE
597,G018399E67969N,335,18.399,67.969,STOUR RAEITAGLACIAEREN,-6.2,1996,FALSE
598,G018399E67969N,335,18.399,67.969,STOUR RAEITAGLACIAEREN,0,1997,FALSE
599,G018399E67969N,335,18.399,67.969,STOUR RAEITAGLACIAEREN,-35,2011,FALSE
600,G018399E67969N,335,18.399,67.969,STOUR RAEITAGLACIAEREN,-8,2013,FALSE
601,G018325E68360N,330,18.325,68.36,KARSOJIETNA,0,1909,FALSE
602,G018325E68360N,330,18.325,68.36,KARSOJIETNA,0,1917,FALSE
603,G018325E68360N,330,18.325,68.36,KARSOJIETNA,-2.5,1919,FALSE
604,G018325E68360N,330,18.325,68.36,KARSOJIETNA,0,1920,FALSE
605,G018325E68360N,330,18.325,68.36,KARSOJIETNA,-5,1924,FALSE
606,G018325E68360N,330,18.325,68.36,KARSOJIETNA,-6,1925,FALSE
607,G018325E68360N,330,18.325,68.36,KARSOJIETNA,-3.5,1926,FALSE
608,G018325E68360N,330,18.325,68.36,KARSOJIETNA,-7.5,1927,FALSE
609,G018325E68360N,330,18.325,68.36,KARSOJIETNA,-8.5,1928,FALSE
610,G018325E68360N,330,18.325,68.36,KARSOJIETNA,-5,1929,FALSE
611,G018325E68360N,330,18.325,68.36,KARSOJIETNA,-10,1930,FALSE
612,G018325E68360N,330,18.325,68.36,KARSOJIETNA,-13,1931,FALSE
613,G018325E68360N,330,18.325,68.36,KARSOJIETNA,-5,1932,FALSE
614,G018325E68360N,330,18.325,68.36,KARSOJIETNA,-7,1935,FALSE
615,G018325E68360N,330,18.325,68.36,KARSOJIETNA,-9.5,1936,FALSE
616,G018325E68360N,330,18.325,68.36,KARSOJIETNA,-19,1937,FALSE
617,G018325E68360N,330,18.325,68.36,KARSOJIETNA,-9,1938,FALSE
618,G018325E68360N,330,18.325,68.36,KARSOJIETNA,-3,1939,FALSE
619,G018325E68360N,330,18.325,68.36,KARSOJIETNA,-4.5,1940,FALSE
620,G018325E68360N,330,18.325,68.36,KARSOJIETNA,-13,1941,FALSE
621,G018325E68360N,330,18.325,68.36,KARSOJIETNA,-0.5,1942,FALSE
622,G018325E68360N,330,18.325,68.36,KARSOJIETNA,-6,1943,FALSE
623,G018325E68360N,330,18.325,68.36,KARSOJIETNA,-3,1944,FALSE
624,G018325E68360N,330,18.325,68.36,KARSOJIETNA,-7,1945,FALSE
625,G018325E68360N,330,18.325,68.36,KARSOJIETNA,-10,1946,FALSE
626,G018325E68360N,330,18.325,68.36,KARSOJIETNA,-17.5,1947,FALSE
627,G018325E68360N,330,18.325,68.36,KARSOJIETNA,-6,1948,FALSE
628,G018325E68360N,330,18.325,68.36,KARSOJIETNA,3,1950,FALSE
629,G018325E68360N,330,18.325,68.36,KARSOJIETNA,-9,1951,FALSE
630,G018325E68360N,330,18.325,68.36,KARSOJIETNA,-13,1952,FALSE
631,G018325E68360N,330,18.325,68.36,KARSOJIETNA,-50,1971,FALSE
632,G018325E68360N,330,18.325,68.36,KARSOJIETNA,-7,1972,FALSE
633,G018325E68360N,330,18.325,68.36,KARSOJIETNA,-28,1974,FALSE
634,G018325E68360N,330,18.325,68.36,KARSOJIETNA,-7,1977,FALSE
635,G018325E68360N,330,18.325,68.36,KARSOJIETNA,-8,1978,FALSE
636,G018325E68360N,330,18.325,68.36,KARSOJIETNA,-8,1979,FALSE
637,G018325E68360N,330,18.325,68.36,KARSOJIETNA,-10,1980,FALSE
638,G018325E68360N,330,18.325,68.36,KARSOJIETNA,-13.5,1982,FALSE
639,G018325E68360N,330,18.325,68.36,KARSOJIETNA,-1.5,1983,FALSE
640,G018325E68360N,330,18.325,68.36,KARSOJIETNA,-1,1984,FALSE
641,G018325E68360N,330,18.325,68.36,KARSOJIETNA,-15,1985,FALSE
642,G018325E68360N,330,18.325,68.36,KARSOJIETNA,-20,1989,FALSE
643,G018325E68360N,330,18.325,68.36,KARSOJIETNA,-2,1990,FALSE
644,G018325E68360N,330,18.325,68.36,KARSOJIETNA,0,1992,FALSE
645,G018325E68360N,330,18.325,68.36,KARSOJIETNA,0,1993,FALSE
646,G018325E68360N,330,18.325,68.36,KARSOJIETNA,-2,1994,FALSE
647,G018325E68360N,330,18.325,68.36,KARSOJIETNA,-22.3,1996,FALSE
648,G018325E68360N,330,18.325,68.36,KARSOJIETNA,-94,2003,FALSE
649,G018325E68360N,330,18.325,68.36,KARSOJIETNA,-60,2008,FALSE
650,G018325E68360N,330,18.325,68.36,KARSOJIETNA,-126,2014,FALSE
651,G018325E68360N,330,18.325,68.36,KARSOJIETNA,-34,2016,FALSE
652,G018325E68360N,330,18.325,68.36,KARSOJIETNA,-11,2017,FALSE
653,G018325E68360N,330,18.325,68.36,KARSOJIETNA,-12,2018,FALSE
654,G018574E68151N,328,18.574,68.151,KUOTOTJAKKAGLACIAEREN,-9,1971,FALSE
655,G018574E68151N,328,18.574,68.151,KUOTOTJAKKAGLACIAEREN,-17,1972,FALSE
656,G018574E68151N,328,18.574,68.151,KUOTOTJAKKAGLACIAEREN,-8,1973,FALSE
657,G018574E68151N,328,18.574,68.151,KUOTOTJAKKAGLACIAEREN,-8,1974,FALSE
658,G018574E68151N,328,18.574,68.151,KUOTOTJAKKAGLACIAEREN,-3.6,1977,FALSE
659,G018603E67938N,329,18.603,67.938,KASKASATJ SE,-10,1951,FALSE
660,G018603E67938N,329,18.603,67.938,KASKASATJ SE,-16,1953,FALSE
661,G018603E67938N,329,18.603,67.938,KASKASATJ SE,-12,1957,FALSE
662,G018603E67938N,329,18.603,67.938,KASKASATJ SE,-10,1958,FALSE
663,G018603E67938N,329,18.603,67.938,KASKASATJ SE,-6,1959,FALSE
664,G018603E67938N,329,18.603,67.938,KASKASATJ SE,-5,1960,FALSE
665,G018603E67938N,329,18.603,67.938,KASKASATJ SE,-2,1961,FALSE
666,G018603E67938N,329,18.603,67.938,KASKASATJ SE,0,1962,FALSE
667,G018603E67938N,329,18.603,67.938,KASKASATJ SE,-5,1963,FALSE
668,G018603E67938N,329,18.603,67.938,KASKASATJ SE,0,1964,FALSE
669,G018603E67938N,329,18.603,67.938,KASKASATJ SE,0,1981,FALSE
670,G018603E67938N,329,18.603,67.938,KASKASATJ SE,0,1984,FALSE
671,G018603E67938N,329,18.603,67.938,KASKASATJ SE,5,1985,FALSE
672,G018603E67938N,329,18.603,67.938,KASKASATJ SE,-1,1986,FALSE
673,G018603E67938N,329,18.603,67.938,KASKASATJ SE,0,1987,FALSE
674,G018603E67938N,329,18.603,67.938,KASKASATJ SE,-6,1988,FALSE
675,G018603E67938N,329,18.603,67.938,KASKASATJ SE,0,1989,FALSE
676,G018603E67938N,329,18.603,67.938,KASKASATJ SE,-2,1990,FALSE
677,G018603E67938N,329,18.603,67.938,KASKASATJ SE,0,1991,FALSE
678,G018603E67938N,329,18.603,67.938,KASKASATJ SE,3,1992,FALSE
679,G018603E67938N,329,18.603,67.938,KASKASATJ SE,1,1993,FALSE
680,G018603E67938N,329,18.603,67.938,KASKASATJ SE,2,1994,FALSE
681,G018603E67938N,329,18.603,67.938,KASKASATJ SE,5,1995,FALSE
682,G018603E67938N,329,18.603,67.938,KASKASATJ SE,-4.1,1996,FALSE
683,G018603E67938N,329,18.603,67.938,KASKASATJ SE,-1,2001,FALSE
684,G018603E67938N,329,18.603,67.938,KASKASATJ SE,5,2002,FALSE
685,G018603E67938N,329,18.603,67.938,KASKASATJ SE,-3,2003,FALSE
686,G018603E67938N,329,18.603,67.938,KASKASATJ SE,-3,2004,FALSE
687,G018603E67938N,329,18.603,67.938,KASKASATJ SE,0,2005,FALSE
688,G018603E67938N,329,18.603,67.938,KASKASATJ SE,-17,2009,FALSE
689,G018603E67938N,329,18.603,67.938,KASKASATJ SE,-7,2014,FALSE
690,G018603E67938N,329,18.603,67.938,KASKASATJ SE,-26,2018,FALSE
691,G018564E67915N,333,18.564,67.915,ISFALLSGLACIAEREN,29,1910,FALSE
692,G018564E67915N,333,18.564,67.915,ISFALLSGLACIAEREN,-85,1946,FALSE
693,G018564E67915N,333,18.564,67.915,ISFALLSGLACIAEREN,-30,1948,FALSE
694,G018564E67915N,333,18.564,67.915,ISFALLSGLACIAEREN,0,1949,FALSE
695,G018564E67915N,333,18.564,67.915,ISFALLSGLACIAEREN,-15,1950,FALSE
696,G018564E67915N,333,18.564,67.915,ISFALLSGLACIAEREN,-22,1951,FALSE
697,G018564E67915N,333,18.564,67.915,ISFALLSGLACIAEREN,-1,1953,FALSE
698,G018564E67915N,333,18.564,67.915,ISFALLSGLACIAEREN,-14,1957,FALSE
699,G018564E67915N,333,18.564,67.915,ISFALLSGLACIAEREN,-12,1958,FALSE
700,G018564E67915N,333,18.564,67.915,ISFALLSGLACIAEREN,-8,1959,FALSE
701,G018564E67915N,333,18.564,67.915,ISFALLSGLACIAEREN,-16,1960,FALSE
702,G018564E67915N,333,18.564,67.915,ISFALLSGLACIAEREN,-9,1961,FALSE
703,G018564E67915N,333,18.564,67.915,ISFALLSGLACIAEREN,-11,1962,FALSE
704,G018564E67915N,333,18.564,67.915,ISFALLSGLACIAEREN,-13,1963,FALSE
705,G018564E67915N,333,18.564,67.915,ISFALLSGLACIAEREN,0,1964,FALSE
706,G018564E67915N,333,18.564,67.915,ISFALLSGLACIAEREN,-5,1965,FALSE
707,G018564E67915N,333,18.564,67.915,ISFALLSGLACIAEREN,-11,1966,FALSE
708,G018564E67915N,333,18.564,67.915,ISFALLSGLACIAEREN,-16,1967,FALSE
709,G018564E67915N,333,18.564,67.915,ISFALLSGLACIAEREN,-7,1969,FALSE
710,G018564E67915N,333,18.564,67.915,ISFALLSGLACIAEREN,-34,1970,FALSE
711,G018564E67915N,333,18.564,67.915,ISFALLSGLACIAEREN,-15,1971,FALSE
712,G018564E67915N,333,18.564,67.915,ISFALLSGLACIAEREN,-5,1972,FALSE
713,G018564E67915N,333,18.564,67.915,ISFALLSGLACIAEREN,-3,1973,FALSE
714,G018564E67915N,333,18.564,67.915,ISFALLSGLACIAEREN,-8,1974,FALSE
715,G018564E67915N,333,18.564,67.915,ISFALLSGLACIAEREN,-10,1978,FALSE
716,G018564E67915N,333,18.564,67.915,ISFALLSGLACIAEREN,-10,1979,FALSE
717,G018564E67915N,333,18.564,67.915,ISFALLSGLACIAEREN,-10,1980,FALSE
718,G018564E67915N,333,18.564,67.915,ISFALLSGLACIAEREN,-6,1981,FALSE
719,G018564E67915N,333,18.564,67.915,ISFALLSGLACIAEREN,-4,1983,FALSE
720,G018564E67915N,333,18.564,67.915,ISFALLSGLACIAEREN,-6.4,1984,FALSE
721,G018564E67915N,333,18.564,67.915,ISFALLSGLACIAEREN,-4.4,1985,FALSE
722,G018564E67915N,333,18.564,67.915,ISFALLSGLACIAEREN,0,1986,FALSE
723,G018564E67915N,333,18.564,67.915,ISFALLSGLACIAEREN,0,1987,FALSE
724,G018564E67915N,333,18.564,67.915,ISFALLSGLACIAEREN,-9,1988,FALSE
725,G018564E67915N,333,18.564,67.915,ISFALLSGLACIAEREN,0,1989,FALSE
726,G018564E67915N,333,18.564,67.915,ISFALLSGLACIAEREN,4,1990,FALSE
727,G018564E67915N,333,18.564,67.915,ISFALLSGLACIAEREN,0,1991,FALSE
728,G018564E67915N,333,18.564,67.915,ISFALLSGLACIAEREN,5,1992,FALSE
729,G018564E67915N,333,18.564,67.915,ISFALLSGLACIAEREN,3,1993,FALSE
730,G018564E67915N,333,18.564,67.915,ISFALLSGLACIAEREN,2,1994,FALSE
731,G018564E67915N,333,18.564,67.915,ISFALLSGLACIAEREN,5,1995,FALSE
732,G018564E67915N,333,18.564,67.915,ISFALLSGLACIAEREN,1.4,1996,FALSE
733,G018564E67915N,333,18.564,67.915,ISFALLSGLACIAEREN,0,1997,FALSE
734,G018564E67915N,333,18.564,67.915,ISFALLSGLACIAEREN,3.8,1998,FALSE
735,G018564E67915N,333,18.564,67.915,ISFALLSGLACIAEREN,0,2000,FALSE
736,G018564E67915N,333,18.564,67.915,ISFALLSGLACIAEREN,2.3,2001,FALSE
737,G018564E67915N,333,18.564,67.915,ISFALLSGLACIAEREN,-5.8,2002,FALSE
738,G018564E67915N,333,18.564,67.915,ISFALLSGLACIAEREN,-3,2003,FALSE
739,G018564E67915N,333,18.564,67.915,ISFALLSGLACIAEREN,-3,2004,FALSE
740,G018564E67915N,333,18.564,67.915,ISFALLSGLACIAEREN,0.5,2005,FALSE
741,G018564E67915N,333,18.564,67.915,ISFALLSGLACIAEREN,-5,2006,FALSE
742,G018564E67915N,333,18.564,67.915,ISFALLSGLACIAEREN,-50,2014,FALSE
743,G018564E67915N,333,18.564,67.915,ISFALLSGLACIAEREN,-14,2016,FALSE
744,G018564E67915N,333,18.564,67.915,ISFALLSGLACIAEREN,-29,2018,FALSE
745,G017468E67583N,344,17.468,67.583,HYLLGLACIAEREN,-10,1968,FALSE
746,G017468E67583N,344,17.468,67.583,HYLLGLACIAEREN,-10,1970,FALSE
747,G017468E67583N,344,17.468,67.583,HYLLGLACIAEREN,-2,1971,FALSE
748,G017468E67583N,344,17.468,67.583,HYLLGLACIAEREN,-10,1972,FALSE
749,G017468E67583N,344,17.468,67.583,HYLLGLACIAEREN,-2,1973,FALSE
750,G017468E67583N,344,17.468,67.583,HYLLGLACIAEREN,-2,1974,FALSE
751,G017468E67583N,344,17.468,67.583,HYLLGLACIAEREN,-36.9,1984,FALSE
752,G017468E67583N,344,17.468,67.583,HYLLGLACIAEREN,-38,1988,FALSE
753,G017468E67583N,344,17.468,67.583,HYLLGLACIAEREN,0,1991,FALSE
754,G017468E67583N,344,17.468,67.583,HYLLGLACIAEREN,0,1992,FALSE
755,G017468E67583N,344,17.468,67.583,HYLLGLACIAEREN,0,1993,FALSE
756,G017468E67583N,344,17.468,67.583,HYLLGLACIAEREN,-4,1994,FALSE
757,G017468E67583N,344,17.468,67.583,HYLLGLACIAEREN,0,1995,FALSE
758,G017468E67583N,344,17.468,67.583,HYLLGLACIAEREN,-89.7,2003,FALSE
759,G017468E67583N,344,17.468,67.583,HYLLGLACIAEREN,-45,2008,FALSE
760,G017468E67583N,344,17.468,67.583,HYLLGLACIAEREN,-19,2011,FALSE
761,G017468E67583N,344,17.468,67.583,HYLLGLACIAEREN,0,2012,FALSE
762,G017468E67583N,344,17.468,67.583,HYLLGLACIAEREN,-10,2014,FALSE
763,G017655E67449N,339,17.655,67.449,VARTASJEKNA,-1,1968,FALSE
764,G017655E67449N,339,17.655,67.449,VARTASJEKNA,-26,1970,FALSE
765,G017655E67449N,339,17.655,67.449,VARTASJEKNA,-1,1971,FALSE
766,G017655E67449N,339,17.655,67.449,VARTASJEKNA,-6,1972,FALSE
767,G017655E67449N,339,17.655,67.449,VARTASJEKNA,-10,1973,FALSE
768,G017655E67449N,339,17.655,67.449,VARTASJEKNA,0,1974,FALSE
769,G017655E67449N,339,17.655,67.449,VARTASJEKNA,0,1977,FALSE
770,G017655E67449N,339,17.655,67.449,VARTASJEKNA,-4,1979,FALSE
771,G017655E67449N,339,17.655,67.449,VARTASJEKNA,-17,1984,FALSE
772,G017655E67449N,339,17.655,67.449,VARTASJEKNA,0,1991,FALSE
773,G017655E67449N,339,17.655,67.449,VARTASJEKNA,0,1992,FALSE
774,G017655E67449N,339,17.655,67.449,VARTASJEKNA,0,1993,FALSE
775,G017655E67449N,339,17.655,67.449,VARTASJEKNA,0,1994,FALSE
776,G017655E67449N,339,17.655,67.449,VARTASJEKNA,0,1995,FALSE
777,G017655E67449N,339,17.655,67.449,VARTASJEKNA,0,2002,FALSE
778,G017655E67449N,339,17.655,67.449,VARTASJEKNA,-17.5,2003,FALSE
779,G017655E67449N,339,17.655,67.449,VARTASJEKNA,-12,2010,FALSE
780,G017655E67449N,339,17.655,67.449,VARTASJEKNA,-10,2011,FALSE
781,G017655E67449N,339,17.655,67.449,VARTASJEKNA,0,2012,FALSE
782,G017655E67449N,339,17.655,67.449,VARTASJEKNA,-75,2014,FALSE
783,G017571E67471N,336,17.571,67.471,SUOTTASJEKNA,17.5,1901,FALSE
784,G017571E67471N,336,17.571,67.471,SUOTTASJEKNA,50,1909,FALSE
785,G017571E67471N,336,17.571,67.471,SUOTTASJEKNA,-15,1968,FALSE
786,G017571E67471N,336,17.571,67.471,SUOTTASJEKNA,-53,1970,FALSE
787,G017571E67471N,336,17.571,67.471,SUOTTASJEKNA,-5,1971,FALSE
788,G017571E67471N,336,17.571,67.471,SUOTTASJEKNA,-12,1972,FALSE
789,G017571E67471N,336,17.571,67.471,SUOTTASJEKNA,-22,1973,FALSE
790,G017571E67471N,336,17.571,67.471,SUOTTASJEKNA,-6,1974,FALSE
791,G017571E67471N,336,17.571,67.471,SUOTTASJEKNA,-19,1977,FALSE
792,G017571E67471N,336,17.571,67.471,SUOTTASJEKNA,-5,1978,FALSE
793,G017571E67471N,336,17.571,67.471,SUOTTASJEKNA,-13.8,1979,FALSE
794,G017571E67471N,336,17.571,67.471,SUOTTASJEKNA,-5,1984,FALSE
795,G017571E67471N,336,17.571,67.471,SUOTTASJEKNA,-2,1991,FALSE
796,G017571E67471N,336,17.571,67.471,SUOTTASJEKNA,0,1992,FALSE
797,G017571E67471N,336,17.571,67.471,SUOTTASJEKNA,0,1993,FALSE
798,G017571E67471N,336,17.571,67.471,SUOTTASJEKNA,0,1994,FALSE
799,G017571E67471N,336,17.571,67.471,SUOTTASJEKNA,0,1995,FALSE
800,G017571E67471N,336,17.571,67.471,SUOTTASJEKNA,-36.9,1996,FALSE
801,G017571E67471N,336,17.571,67.471,SUOTTASJEKNA,-0.6,1997,FALSE
802,G017571E67471N,336,17.571,67.471,SUOTTASJEKNA,-26.8,2002,FALSE
803,G017571E67471N,336,17.571,67.471,SUOTTASJEKNA,-56,2008,FALSE
804,G017571E67471N,336,17.571,67.471,SUOTTASJEKNA,-38,2011,FALSE
805,G017571E67471N,336,17.571,67.471,SUOTTASJEKNA,-35,2014,FALSE
806,G017571E67471N,336,17.571,67.471,SUOTTASJEKNA,-38,2018,FALSE
807,G017693E67415N,338,17.693,67.415,MIKKAJEKNA,0,1899,FALSE
808,G017693E67415N,338,17.693,67.415,MIKKAJEKNA,0,1900,FALSE
809,G017693E67415N,338,17.693,67.415,MIKKAJEKNA,-10,1901,FALSE
810,G017693E67415N,338,17.693,67.415,MIKKAJEKNA,5,1902,FALSE
811,G017693E67415N,338,17.693,67.415,MIKKAJEKNA,8.5,1904,FALSE
812,G017693E67415N,338,17.693,67.415,MIKKAJEKNA,-3.5,1905,FALSE
813,G017693E67415N,338,17.693,67.415,MIKKAJEKNA,7.5,1908,FALSE
814,G017693E67415N,338,17.693,67.415,MIKKAJEKNA,0,1909,FALSE
815,G017693E67415N,338,17.693,67.415,MIKKAJEKNA,9,1910,FALSE
816,G017693E67415N,338,17.693,67.415,MIKKAJEKNA,0,1911,FALSE
817,G017693E67415N,338,17.693,67.415,MIKKAJEKNA,5,1914,FALSE
818,G017693E67415N,338,17.693,67.415,MIKKAJEKNA,8,1915,FALSE
819,G017693E67415N,338,17.693,67.415,MIKKAJEKNA,0,1916,FALSE
820,G017693E67415N,338,17.693,67.415,MIKKAJEKNA,-7,1918,FALSE
821,G017693E67415N,338,17.693,67.415,MIKKAJEKNA,-21,1921,FALSE
822,G017693E67415N,338,17.693,67.415,MIKKAJEKNA,-10,1924,FALSE
823,G017693E67415N,338,17.693,67.415,MIKKAJEKNA,-25,1967,FALSE
824,G017693E67415N,338,17.693,67.415,MIKKAJEKNA,-12,1968,FALSE
825,G017693E67415N,338,17.693,67.415,MIKKAJEKNA,-39,1970,FALSE
826,G017693E67415N,338,17.693,67.415,MIKKAJEKNA,-12,1971,FALSE
827,G017693E67415N,338,17.693,67.415,MIKKAJEKNA,-13,1972,FALSE
828,G017693E67415N,338,17.693,67.415,MIKKAJEKNA,-26,1973,FALSE
829,G017693E67415N,338,17.693,67.415,MIKKAJEKNA,-15,1974,FALSE
830,G017693E67415N,338,17.693,67.415,MIKKAJEKNA,-12,1975,FALSE
831,G017693E67415N,338,17.693,67.415,MIKKAJEKNA,-27,1977,FALSE
832,G017693E67415N,338,17.693,67.415,MIKKAJEKNA,-48,1980,FALSE
833,G017693E67415N,338,17.693,67.415,MIKKAJEKNA,-78,1984,FALSE
834,G017693E67415N,338,17.693,67.415,MIKKAJEKNA,-19,1985,FALSE
835,G017693E67415N,338,17.693,67.415,MIKKAJEKNA,-48,1989,FALSE
836,G017693E67415N,338,17.693,67.415,MIKKAJEKNA,-7,1990,FALSE
837,G017693E67415N,338,17.693,67.415,MIKKAJEKNA,-8,1991,FALSE
838,G017693E67415N,338,17.693,67.415,MIKKAJEKNA,-10,1992,FALSE
839,G017693E67415N,338,17.693,67.415,MIKKAJEKNA,-15,1993,FALSE
840,G017693E67415N,338,17.693,67.415,MIKKAJEKNA,-12.5,1994,FALSE
841,G017693E67415N,338,17.693,67.415,MIKKAJEKNA,-13.5,1995,FALSE
842,G017693E67415N,338,17.693,67.415,MIKKAJEKNA,-11.9,1996,FALSE
843,G017693E67415N,338,17.693,67.415,MIKKAJEKNA,-8.5,1997,FALSE
844,G017693E67415N,338,17.693,67.415,MIKKAJEKNA,-22.5,1998,FALSE
845,G017693E67415N,338,17.693,67.415,MIKKAJEKNA,-52.8,2001,FALSE
846,G017693E67415N,338,17.693,67.415,MIKKAJEKNA,-14.8,2002,FALSE
847,G017693E67415N,338,17.693,67.415,MIKKAJEKNA,-147,2008,FALSE
848,G017693E67415N,338,17.693,67.415,MIKKAJEKNA,-50,2010,FALSE
849,G017693E67415N,338,17.693,67.415,MIKKAJEKNA,-55,2011,FALSE
850,G017693E67415N,338,17.693,67.415,MIKKAJEKNA,-12,2012,FALSE
851,G017693E67415N,338,17.693,67.415,MIKKAJEKNA,-19,2013,FALSE
852,G017693E67415N,338,17.693,67.415,MIKKAJEKNA,-29,2015,FALSE
853,G017693E67415N,338,17.693,67.415,MIKKAJEKNA,-54,2018,FALSE
854,G017655E67172N,327,17.655,67.172,PARTEJEKNA,-65,1970,FALSE
855,G017655E67172N,327,17.655,67.172,PARTEJEKNA,-7,1971,FALSE
856,G017655E67172N,327,17.655,67.172,PARTEJEKNA,-18,1972,FALSE
857,G017655E67172N,327,17.655,67.172,PARTEJEKNA,-7,1974,FALSE
858,G017655E67172N,327,17.655,67.172,PARTEJEKNA,-12,1975,FALSE
859,G017655E67172N,327,17.655,67.172,PARTEJEKNA,-27,1977,FALSE
860,G017655E67172N,327,17.655,67.172,PARTEJEKNA,-10,1978,FALSE
861,G017655E67172N,327,17.655,67.172,PARTEJEKNA,-8,1979,FALSE
862,G017655E67172N,327,17.655,67.172,PARTEJEKNA,-120,1986,FALSE
863,G017655E67172N,327,17.655,67.172,PARTEJEKNA,-33,1989,FALSE
864,G017655E67172N,327,17.655,67.172,PARTEJEKNA,-8,1990,FALSE
865,G017655E67172N,327,17.655,67.172,PARTEJEKNA,0,1991,FALSE
866,G017655E67172N,327,17.655,67.172,PARTEJEKNA,-4,1992,FALSE
867,G017655E67172N,327,17.655,67.172,PARTEJEKNA,-5,1993,FALSE
868,G017655E67172N,327,17.655,67.172,PARTEJEKNA,-12,1994,FALSE
869,G017655E67172N,327,17.655,67.172,PARTEJEKNA,-9,1995,FALSE
870,G017655E67172N,327,17.655,67.172,PARTEJEKNA,-20.9,1996,FALSE
871,G017655E67172N,327,17.655,67.172,PARTEJEKNA,-10.2,1997,FALSE
872,G017655E67172N,327,17.655,67.172,PARTEJEKNA,-14.9,1999,FALSE
873,G017655E67172N,327,17.655,67.172,PARTEJEKNA,-10,2000,FALSE
874,G017655E67172N,327,17.655,67.172,PARTEJEKNA,-21.1,2001,FALSE
875,G017655E67172N,327,17.655,67.172,PARTEJEKNA,-24,2002,FALSE
876,G017655E67172N,327,17.655,67.172,PARTEJEKNA,-88,2008,FALSE
877,G017655E67172N,327,17.655,67.172,PARTEJEKNA,-53,2011,FALSE
878,G017655E67172N,327,17.655,67.172,PARTEJEKNA,0,2012,FALSE
879,G017655E67172N,327,17.655,67.172,PARTEJEKNA,-20,2013,FALSE
880,G017655E67172N,327,17.655,67.172,PARTEJEKNA,-108,2018,FALSE