glac_id,glac_name,x,y,index_righ,POLITICAL_,NAME,WGMS_ID,PRIM_CLASS,GLIMS_ID
G212063E61198N,Wellesley Glacier,-147.937,61.198,793,US,WELLESLEY,164,5,
G229165E57087N,None,-130.835,57.087,63,CA,ALEXANDER,32,5,
G212622E61302N,Yale Glacier,-147.378,61.302,804,US,YALE,159,5,
G212557E61133N,Brilliant Glacier,-147.443,61.133,699,US,BRILLIANT,157,5,
G211320E60526N,None,-148.68,60.526,708,US,CLAREMONT NORTH,176,5,
G212113E61220N,Vassar Glacier,-147.887,61.22,792,US,VASSAR,163,5,
G229978E56520N,None,-130.022,56.52,90,CA,TIM WILLIAMS,70,5,
G229994E56525N,None,-130.006,56.525,90,CA,TIM WILLIAMS,70,5,
G226682E58367N,Wright Glacier,-133.318,58.367,801,US,WRIGHT,127,5,
G223301E58723N,Hugh Miller Glacier,-136.699,58.723,737,US,HUGH MILLER,142,5,
G211288E60799N,Learnard Glacier,-148.712,60.799,743,US,LEARNARD,173,5,
G222222E59694N,None,-137.778,59.694,86,CA,TATS,72,5,
G213525E61251N,Shoup Glacier,-146.475,61.251,767,US,SHOUP,155,5,
G212728E63543N,West Fork Glacier,-147.272,63.543,794,US,WEST FORK,184,5,
G211194E60700N,Portage Glacier,-148.806,60.7,758,US,PORTAGE,174,5,
G211374E60654N,None,-148.626,60.654,742,US,LAWRENCE,95,5,
G214954E60536N,Saddlebag Glacier,-145.046,60.536,762,US,SADDLEBAG,108,5,
G211360E60635N,Marquette Glacier,-148.64,60.635,747,US,MARQUETTE,96,5,
G228987E57017N,None,-131.013,57.017,75,CA,MAWER,69,5,
G222987E58962N,None,-137.013,58.962,739,US,KASHOTO,140,5,
G222821E58871N,Tyeen Glacier,-137.179,58.871,781,US,TYEEN,136,5,
G211075E60552N,Trail Glacier,-148.925,60.552,780,US,TRAIL,1389,5,
G215973E62186N,None,-144.027,62.186,695,US,BETSELI,109,5,
G215902E62083N,Sanford Glacier,-144.098,62.083,717,US,DRUMSTICK,1373,5,
G215818E61990N,Chetaslina Glacier,-144.182,61.99,706,US,CHETASLINA,113,5,
G222974E58791N,Gilman Glacier,-137.026,58.791,728,US,GILMAN,138,5,
G216046E62056N,None,-143.954,62.056,752,US,NADINA,1378,5,
G214215E61168N,Worthington Glacier,-145.785,61.168,800,US,WORTHINGTON,153,5,
G220833E59999N,Variegated Glacier,-139.167,59.999,791,US,VARIEGATED,150,5,
G216152E69302N,McCall Glacier,-143.848,69.302,749,US,MCCALL,1388,5,G216152E69302N
G213683E63392N,Black Rapids Glacier,-146.317,63.392,696,US,BLACK RAPIDS,80,5,
G211358E60580N,Taylor Glacier,-148.642,60.58,776,US,TAYLOR US,93,5,
G223260E59066N,None,-136.74,59.066,788,US,UNNAMED US1334,120,5,
G087783E49100N,Kanasi Glacier,87.783,49.1,160,CN,HALASI GL.,851,5,
G087761E50048N,Malii Aktru,87.761,50.048,527,RU,MALIY AKTRU,795,5,
G087700E50080N,Levii Aktru,87.7,50.08,525,RU,LEVIY AKTRU,794,5,
G087720E50060N,Pravii Aktru,87.72,50.06,532,RU,PRAVIY AKTRU,831,5,
G073002E39198N,None,73.002,39.198,596,TJ,M. OKTYABRSKIY,710,5,G072999E39186N
G077080E43049N,Tsentralniy Tuyuksu Glacier,77.08,43.049,404,KZ,TS.TUYUKSUYSKIY,817,5,G077081E43044N
G073183E39306N,None,73.183,39.306,607,TJ,NO.042.14.03.17,2182,5,G073183E39306N
G098570E39226N,CN5Y432A0001 Bayi Glacier,98.57,39.226,184,CN,YANGLONGHE NO.5,837,5,G098570E39226N
G079787E42137N,None,79.787,42.137,390,KG,SOUTHERN INYLCHEK,10414,5,G080121E42063N
G072629E37727N,None,72.629,37.727,641,TJ,NO.394.14.03.15,2256,5,G072629E37727N
G071559E38666N,None,71.559,38.666,597,TJ,MAZARSKIY,746,5,
G072711E38812N,None,72.711,38.812,601,TJ,NICHKEDZHILGA,2134,5,G072705E38801N
G072695E38833N,None,72.695,38.833,666,TJ,NO.579.14.03.08,2136,5,G072685E38827N
G073461E38435N,None,73.461,38.435,642,TJ,NO.446.14.03.13,2203,5,G073461E38435N
G072798E39048N,None,72.798,39.048,647,TJ,NO.469.14.03.08,2109,5,G072805E39047N
G077277E43048N,None,77.277,43.048,394,KZ,BOGATYR,803,5,
G072799E39141N,None,72.799,39.141,688,TJ,ZULUMART,2100,5,G072801E39138N
G072709E38006N,None,72.709,38.006,612,TJ,NO.093.14.03.14,2222,5,G072709E38006N
G088313E43812N,CN5Y725D0005,88.313,43.812,174,CN,SIGONHE NO.5,862,5,G088313E43812N
G086801E43117N,CN5Y730C0029 Urumqi Source Glacier No1 W Br,86.801,43.117,179,CN,URUMQI GLACIER NO. 1 W-BRANCH,1512,5,G086801E43117N
G073693E39095N,None,73.693,39.095,602,TJ,NO.015.14.03.17,2190,5,G073691E39100N
G072525E37998N,None,72.525,37.998,609,TJ,NO.047.14.03.14,2216,5,
G072559E37965N,None,72.559,37.965,610,TJ,NO.052.14.03.14,2217,5,G072559E37965N
G072701E38850N,None,72.701,38.85,667,TJ,NO.582.14.03.08,2138,5,
G072906E39054N,None,72.906,39.054,683,TJ,VOLODARSKIY 3,2167,5,G072910E39052N
G072581E38811N,None,72.581,38.811,588,TJ,DZHAYLYAUKUMSAY,2142,5,G072595E38802N
G077101E42836N,None,77.101,42.836,362,KG,AKSU VOSTOCHNIY,784,5,G077100E42827N
G072240E38656N,None,72.24,38.656,598,TJ,MEDVEZHIY,716,5,G072229E38652N
G072722E37654N,None,72.722,37.654,680,TJ,URTA-BAKCHIGIR 2,2251,5,G072722E37654N
G073081E38118N,None,73.081,38.118,626,TJ,NO.208.14.03.14,2237,5,
G077314E43095N,None,77.314,43.095,400,KZ,KORZHENEVSKIY,1105,5,G077332E43068N
G073199E37935N,None,73.199,37.935,625,TJ,NO.174.14.03.14,2236,5,G073199E37935N
G097755E39237N,CN5Y437C0018 Qiyi Glacier,97.755,39.237,170,CN,QIYI,856,5,
G072944E39092N,None,72.944,39.092,627,TJ,NO.240.14.03.17,2162,5,G072941E39091N
G086810E43111N,CN5Y730C0029 Urumqi Source Glacier No1 E Br,86.81,43.111,178,CN,URUMQI GLACIER NO. 1 E-BRANCH,1511,5,G086810E43111N
G072956E39202N,None,72.956,39.202,685,TJ,ZAPADNIY OKTYABRSKIY,2181,5,G072963E39200N
G072558E38862N,None,72.558,38.862,675,TJ,SEVERNIY DZHAYLYAUKUMSAY,2144,5,G072556E38856N
G073087E37924N,None,73.087,37.924,622,TJ,NO.165.14.03.14,2230,5,G073087E37922N
G071570E39610N,Abramov Glacier,71.57,39.61,360,KG,ABRAMOV,732,5,G071570E39610N
G080334E42156N,CN5Y681B0016 Tugebieliqi Glacier,80.334,42.156,176,CN,TUGEBIELIQI,864,5,G080334E42156N
G073804E38952N,None,73.804,38.952,592,TJ,KARA-ART,2192,5,G073798E38938N
G070900E39023N,None,70.9,39.023,650,TJ,NO.503,723,5,
G072875E39049N,None,72.875,39.049,681,TJ,VOLODARSKIY 1,2165,5,G072880E39039N
G072826E39103N,None,72.826,39.103,676,TJ,SEVERNIY ZULUMART,2099,5,G072820E39104N
G073097E38055N,None,73.097,38.055,636,TJ,NO.284.14.03.14,2245,5,G073097E38055N
G073589E38486N,None,73.589,38.486,594,TJ,KYZYLDZHILGA,2207,5,G073589E38486N
G072469E38099N,None,72.469,38.099,604,TJ,NO.031.14.03.14,2211,5,G072469E38099N
G071513E38728N,None,71.513,38.728,677,TJ,SKOGACH,718,5,G071517E38739N
G072538E38951N,None,72.538,38.951,673,TJ,NO.623.14.03.08,2157,5,G072541E38947N
G078291E41798N,None,78.291,41.798,376,KG,KAINDY (AKSHIYRAK),9416,5,G078291E41798N
G072566E38907N,None,72.566,38.907,587,TJ,DUSAKASAY,2147,5,G072555E38901N
G077098E43047N,None,77.098,43.047,398,KZ,IGLI TUYUKSU,816,5,
G078184E41824N,Sary Tor Gl,78.184,41.824,389,KG,SARY TOR (NO.356),805,5,G078181E41827N
G072699E37702N,None,72.699,37.702,640,TJ,NO.385.14.03.15,2253,5,G072699E37702N
G072988E38874N,None,72.988,38.874,617,TJ,NO.139.14.03.17,2160,5,G072988E38874N
G073548E38446N,None,73.548,38.446,580,TJ,AKBAYTAL,709,5,G073548E38446N
G077204E42976N,None,77.204,42.976,405,KZ,ZHANGYRYK,1089,5,
G080816E45248N,None,80.816,45.248,392,KZ,AYSBERGOV,1077,5,
G073274E38082N,None,73.274,38.082,639,TJ,NO.336.14.03.14,2249,5,G073287E38085N
G072923E39075N,None,72.923,39.075,628,TJ,NO.241.14.03.17,2163,5,G072925E39074N
G072745E39191N,None,72.745,39.191,638,TJ,NO.324.14.03.08,2103,5,G072730E39190N
G072867E39103N,None,72.867,39.103,632,TJ,NO.259.14.03.17,2170,5,G072867E39103N
G079956E42288N,None,79.956,42.288,166,CN,MUZHAERT,865,5,G079906E42284N
G070751E39420N,None,70.751,39.42,381,KG,KLYUEV,739,5,
G072746E37985N,None,72.746,37.985,615,TJ,NO.101.14.03.14,2224,5,G072746E37985N
G073785E38955N,None,73.785,38.955,603,TJ,NO.030.14.03.17,2194,5,G073785E38955N
G073775E38950N,None,73.775,38.95,603,TJ,NO.030.14.03.17,2194,5,G073785E38955N
G081057E35255N,CN5Z431B0014 Guozha Glacier,81.057,35.255,158,CN,GOZHA,861,5,
G073076E37937N,None,73.076,37.937,621,TJ,NO.161.14.03.14,2229,5,G073074E37944N
G076020E35955N,Panmah Glacier,76.02,35.955,502,PK,PANMAH,1000,5,
G072768E39067N,None,72.768,39.067,582,TJ,BELEULI,2104,5,G072770E39071N
G072614E38987N,None,72.614,38.987,671,TJ,NO.612.14.03.08,2152,5,G072616E38986N
G072851E39100N,None,72.851,39.1,631,TJ,NO.257.14.03.17,2169,5,
G078269E42140N,None,78.269,42.14,377,KG,KARA-BATKAK,813,5,G078273E42140N
G073528E38455N,None,73.528,38.455,614,TJ,NO.096.14.03.17,2210,5,G073528E38455N
G073141E37921N,None,73.141,37.921,624,TJ,NO.170.14.03.14,2233,5,G073144E37914N
G073022E37951N,None,73.022,37.951,618,TJ,NO.155.14.03.14,2226,5,
G073571E38455N,None,73.571,38.455,613,TJ,NO.093.14.03.17,2209,5,
G072533E38016N,None,72.533,38.016,608,TJ,NO.046.14.03.14,2215,5,G072533E38016N
G073044E37924N,None,73.044,37.924,620,TJ,NO.160.14.03.14,2228,5,G073048E37921N
G096544E39436N,CN5Y448D0012 Laohugou Glacier,96.544,39.436,164,CN,LAOHUGOU,855,5,
G073125E37928N,None,73.125,37.928,623,TJ,NO.169.14.03.14,2232,5,G073128E37925N
G072656E38833N,None,72.656,38.833,591,TJ,ICHKELSAY,2140,5,G072660E38815N
G073039E37931N,None,73.039,37.931,619,TJ,NO.159.14.03.14,2227,5,G073026E37921N
G079990E41931N,CN5Y673P0037 Tuomuer Glacier,79.99,41.931,361,KG,AKSU,734,5,
G079485E44891N,None,79.485,44.891,393,KZ,BEZSONOV,1092,5,G079485E44891N
G071768E38938N,None,71.768,38.938,593,TJ,KHADYRSHA,720,5,
G077749E41787N,None,77.749,41.787,365,KG,BATYSH SOOK/SYEK ZAPADNIY,781,5,
G073374E38478N,None,73.374,38.478,649,TJ,NO.499.14.03.13,2206,5,
G072946E38870N,None,72.946,38.87,651,TJ,NO.503.14.03.08,2113,5,G072940E38870N
G094277E35675N,CN5Y533B0025,94.277,35.675,183,CN,XIDATAN,858,5,
G072967E39175N,None,72.967,39.175,634,TJ,NO.269.14.03.17,2177,5,
G080314E45078N,None,80.314,45.078,397,KZ,GERASIMOV,1100,5,G080314E45078N
G080229E45083N,Shumskiy Glacier,80.229,45.083,402,KZ,SHUMSKIY,797,5,G080229E45083N
G072711E37680N,None,72.711,37.68,679,TJ,URTA-BAKCHIGIR 1,2252,5,G072711E37680N
G076865E42794N,None,76.865,42.794,373,KG,GLACIER NO. 599 (KJUNGEI ALA-TOO),10402,5,
G013724E78479N,Borebreen,13.724,78.479,563,SJ,BOREBREEN,3477,5,G013797E78464N
G073387E38467N,None,73.387,38.467,645,TJ,NO.453.14.03.13,2205,5,G073387E38467N
G077070E42840N,None,77.07,42.84,363,KG,AKSU ZAPADNIY,802,5,G077075E42833N
G073864E38912N,CN5Y663I0090,73.864,38.912,606,TJ,NO.040.14.03.17,2198,5,G073864E38912N
G073432E38444N,None,73.432,38.444,644,TJ,NO.449.14.03.13,2204,5,G073432E38444N
G080088E45018N,CN5Y746G0003,80.088,45.018,396,KZ,FYODOROVICH,1095,5,G080088E45018N
G072725E39085N,None,72.725,39.085,643,TJ,NO.448.14.03.08,2106,5,
G072966E38805N,None,72.966,38.805,660,TJ,NO.543.14.03.08,2125,5,G072966E38802N
G073033E38858N,None,73.033,38.858,616,TJ,NO.134.14.03.17,2158,5,G073031E38856N
G073650E38832N,None,73.65,38.832,611,TJ,NO.072.14.03.17,2201,5,
G072588E38888N,None,72.588,38.888,669,TJ,NO.599.14.03.08,2145,5,
G072916E38878N,None,72.916,38.878,654,TJ,NO.512.14.03.08,2117,5,
G070137E39532N,None,70.137,39.532,678,TJ,TURO,785,5,G070137E39532N
G074498E42454N,Golubin Glacier,74.498,42.454,374,KG,GOLUBIN,753,5,G074498E42454N
G072742E37625N,None,72.742,37.625,581,TJ,BAKCHIGIR,711,5,G072742E37625N
G077060E42834N,None,77.06,42.834,370,KG,DOLONATA,798,5,G077056E42831N
G072732E38828N,None,72.732,38.828,665,TJ,NO.578.14.03.08,2135,5,G072733E38826N
G070985E42119N,None,70.985,42.119,806,UZ,BARKRAK SREDNIY,818,5,G070992E42119N
G080107E41805N,CN5Y674A0005 Koxqar Baqi Glacier,80.107,41.805,163,CN,KEGIKER,867,5,
G072848E39077N,None,72.848,39.077,630,TJ,NO.254.14.03.17,2168,5,G072849E39074N
G079373E44889N,None,79.373,44.889,403,KZ,TRONOV,1093,5,G079373E44889N
G073632E38820N,None,73.632,38.82,583,TJ,BUZ-CHUBEK,2200,5,G073623E38832N
G077256E43082N,None,77.256,43.082,401,KZ,SHOKALSKIY (TIEN SHAN),815,5,G077289E43078N
G070672E39517N,None,70.672,39.517,686,TJ,ZERAVSHANSKIY,745,5,G070672E39517N
G072791E39066N,None,72.791,39.066,646,TJ,NO.464.14.03.08,2108,5,G072800E39065N
G073500E38440N,None,73.5,38.44,687,TJ,ZORTASHKOL,2202,5,G073500E38440N
G090221E28861N,CN5O241D0012,90.221,28.861,169,CN,QIANGYONG,871,5,G090220E28856N
G072757E38812N,None,72.757,38.812,584,TJ,CHAKYDZHILGA,2131,5,G072755E38806N
G072820E38919N,None,72.82,38.919,658,TJ,NO.532.14.03.08,2122,5,
G287701E47628S,Gl. San Lorenzo Sur,-72.299,-47.628,30,AR,SAN LORENZO SUR,3798,5,G287701E47628S
G016136E77068N,Wibebreen,16.136,77.068,579,SJ,WIBEBREEN,307,5,
G012039E78878N,Midtre Lovenbreen,12.039,78.878,570,SJ,MIDTRE LOVENBREEN,291,5,G012031E78878N
G013810E78650N,Sveabreen,13.81,78.65,576,SJ,SVEABREEN,3519,5,G013820E78651N
G016050E76938N,Körberbreen,16.05,76.938,568,SJ,KOERBERBREEN,310,5,G016067E76942N
G012079E78681N,Waldemarbreen,12.079,78.681,577,SJ,WALDEMARBREEN,2307,5,G012069E78677N
G016528E77664N,Svalbreen,16.528,77.664,575,SJ,SVALBREEN,3517,5,G016526E77665N
G012478E79621N,Erikbreen,12.478,79.621,565,SJ,ERIKBREEN,3485,5,G012466E79617N
G015037E77377N,Recherchebreen,15.037,77.377,573,SJ,RECHERCHEBREEN,3513,5,
G014053E77968N,Aldegondabreen,14.053,77.968,559,SJ,ALDEGONDABREEN,3470,5,
G012161E78870N,Austre Lovenbreen,12.161,78.87,562,SJ,AUSTRE LOVENBREEN,3812,5,G012161E78871N
G014442E77835N,Fridtjovbreen,14.442,77.835,567,SJ,FRIDTJOVBREEN,3494,5,G014408E77836N
G014308E77502N,Renardbreen,14.308,77.502,560,SJ,ANTONIABREEN,3471,5,
G016079E77105N,Kvalfangarbreen,16.079,77.105,569,SJ,KVALFANGARBREEN,296,5,
G011895E78886N,Austre Brøggerbreen,11.895,78.886,561,SJ,AUSTRE BROEGGERBREEN,292,5,G011831E78888N
G288117E41158S,Gl. Manso,-71.883,-41.158,23,AR,MANSO,1345,5,
G288136E41182S,None,-71.864,-41.182,23,AR,MANSO,1345,5,
G286985E49265S,Gl. Piedras Blancas,-73.015,-49.265,26,AR,PIEDRAS BLANCAS,3716,5,
G286971E49269S,Piedras Blancas,-73.029,-49.269,26,AR,PIEDRAS BLANCAS,3716,5,
G287591E48477S,Gl. Narv?ez,-72.409,-48.477,24,AR,NARVAEZ GRANDE,3799,5,G287591E48477S
G077333E32259N,None,77.333,32.259,263,IN,GLACIER NO. 30,3052,5,G077338E32258N
G077342E32257N,None,77.342,32.257,263,IN,GLACIER NO. 30,3052,5,G077338E32258N
G077513E32227N,None,77.513,32.227,260,IN,CHHOTA SHIGRI,2921,5,G077508E32224N
G077358E32209N,None,77.358,32.209,266,IN,JOBRI,3054,5,G077358E32213N
G078348E31293N,None,78.348,31.293,271,IN,SHAUNE GARANG,1048,5,G078349E31292N
G007045E45487N,Glacier de Rhêmes-Golette_1,7.045,45.487,298,IT,GOLETTA,683,5,
G212137E61253N,Bryn Mawr Glacier,-147.863,61.253,700,US,BRYN MAWR,162,5,
G211481E60940N,None,-148.519,60.94,733,US,HARRIMAN,172,5,
G088692E27956N,None,88.692,27.956,259,IN,CHANGMEKHANGPU,1045,5,G088684E27960N
G212501E61399N,Harvard Glacier,-147.499,61.399,734,US,HARVARD,160,5,
G096979E29390N,None,96.979,29.39,168,CN,PARLUNG NO. 94,3987,5,G096975E29387N
G211805E61150N,Cascade Glacier,-148.195,61.15,703,US,CASCADE,169,5,
G211726E61128N,Serpentine Glacier,-148.274,61.128,764,US,SERPENTINE,170,5,
G212185E61288N,Smith Glacier,-147.815,61.288,768,US,SMITH,161,5,
G211468E60679N,Tebenkof Glacier,-148.532,60.679,777,US,TEBENKOF,175,5,
G211009E61198N,Eklutna Glacier,-148.991,61.198,721,US,EKLUTNA,85,5,
G086884E27725N,None,86.884,27.725,430,NP,MERA,3996,5,
G086917E27925N,Lhotse,86.917,27.925,426,NP,LHOTSE,3463,5,G086915E27927N
G086889E27929N,West Lhotse,86.889,27.929,427,NP,LHOTSE NUP,3464,5,G086891E27940N
G080498E30181N,None,80.498,30.181,261,IN,CHIPA,3048,5,G080500E30180N
G086949E27913N,Imja,86.949,27.913,428,NP,LHOTSE SHAR / IMJA,3465,5,G086958E27924N
G080007E30302N,None,80.007,30.302,269,IN,PINDARI,3045,5,
G080633E30324N,None,80.633,30.324,256,IN,ADI KAILASH,3051,5,
G086882E27875N,None,86.882,27.875,420,NP,AMA DABLAM,3459,5,G086885E27873N
G086537E27874N,Rolwaling,86.537,27.874,435,NP,ROLWALING (TRAKARDING),3672,5,G086534E27875N
G079893E30557N,None,79.893,30.557,262,IN,DUNAGIRI,1047,5,G079894E30558N
G083488E28819N,None,83.488,28.819,433,NP,RIKHA SAMBA,1516,5,G083490E28827N
G080395E30354N,None,80.395,30.354,265,IN,JHULANG (KHARSA),3046,5,G080402E30359N
G080484E30213N,None,80.484,30.213,267,IN,MEOLA,3047,5,G080466E30214N
G086937E27878N,None,86.937,27.878,421,NP,AMPHU LAPTSE,3460,5,
G086862E27938N,Nuptse,86.862,27.938,431,NP,NUPTSE,3466,5,G086868E27946N
G086943E28072N,East Rongbuk Glacier,86.943,28.072,172,CN,RONGBU,870,5,
G085576E28254N,None,85.576,28.254,424,NP,KYIMOSHUNG,3907,5,
G086519E27919N,Ripimo Shar,86.519,27.919,434,NP,RIPIMO SHAR,3317,5,
G074747E36448N,None,74.747,36.448,503,PK,PASU,993,5,
G074636E36457N,None,74.636,36.457,492,PK,GHULKIN,996,5,G074506E36437N
G074310E36745N,Yashkuk Yaz Glacier,74.31,36.745,511,PK,YASHKUK YAZ,999,5,
G073722E36798N,None,73.722,36.798,489,PK,CHIANTAR,1001,5,
G074755E35327N,Sachen Glacier,74.755,35.327,506,PK,SATSCHEN SANGO,977,5,G074746E35328N
G074568E36190N,Minapin Glacier,74.568,36.19,500,PK,MINAPIN,994,5,G074594E36164N
G074166E36631N,Karambar Glacier,74.166,36.631,496,PK,KARAMBAR,1002,5,G074224E36616N
G077077E32344N,None,77.077,32.344,257,IN,BEAS KUND,3053,5,G077662E31892N
G074991E35994N,None,74.991,35.994,490,PK,CHOGO LUNGMA,972,5,G075218E35874N
G008319E46431N,GRIESGLETSCHER,8.319,46.431,113,CH,GRIES,359,5,
G007807E46481N,KANDERFIRN,7.807,46.481,99,CH,ALPETLI (KANDER),439,5,
G007581E46002N,FERP?CLE GLACIER DE,7.581,46.002,107,CH,FERPECLE,379,5,
G008426E46612N,TIEFENGLETSCHER,8.426,46.612,137,CH,TIEFEN,433,5,
G007930E46472N,Langgletscher,7.93,46.472,117,CH,LANG,386,5,
G008006E46177N,ROSSBODEGLETSCHER,8.006,46.177,132,CH,ROSSBODEN,462,5,
G007261E45966N,BOVEIRE GLACIER DE,7.261,45.966,102,CH,BOVEYRE,459,5,
G008297E46408N,Osand  (Sabbione Nord ),8.297,46.408,325,IT,OSAND MER. (SABBIONE MER.),1178,5,
G009038E46502N,LNTAGLETSCHER,9.038,46.502,118,CH,LENTA,414,5,
G007603E46067N,MOIRY GLACIER DE,7.603,46.067,120,CH,MOIRY,380,5,
G007422E46008N,CHEILON GLACIER DE,7.422,46.008,105,CH,CHEILLON,375,5,
G009886E46384N,TSCHIERVA  VADRET DA,9.886,46.384,140,CH,TSCHIERVA,405,5,
G009895E46391N,None,9.895,46.391,140,CH,TSCHIERVA,405,5,
G007026E45991N,TRIENT GLACIER DU,7.026,45.991,138,CH,TRIENT,457,5,G007026E45991N
G007880E45990N,Findelengletscher,7.88,45.99,109,CH,FINDELEN,389,5,
G007457E45957N,OTEMMA GLACIER D',7.457,45.957,127,CH,OTEMMA,370,5,
G007702E46120N,TURTMANNGLETSCHER,7.702,46.12,143,CH,TURTMANN (WEST),385,5,
G008185E46529N,OBERAARGLETSCHER,8.185,46.529,124,CH,OBERAAR,451,5,
G137184E04084S,"Carstensz Glacier,",137.184,-4.084,254,ID,CARSTENSZ,1051,5,
G306775E67094N,None,-53.225,67.094,248,GL,AQQUTIKITSOQ,10417,5,G306775E67094N
G098704E28433N,None,98.704,28.433,167,CN,NAINUOGERU,847,5,G098704E28433N
G101916E29584N,Hailuo Creek Glacier,101.916,29.584,159,CN,HAILUOGOU,849,5,
G101855E29563N,Dagongba Glacier,101.855,29.563,157,CN,DAGONGBA,841,5,
G170492E43447S,None,170.492,-43.447,453,NZ,GREY & MAUD,1580,5,G170492E43447S
G101848E29595N,Xiaogongba Glacier,101.848,29.595,182,CN,XIAOGONGBA,840,5,
G323774E54434S,Gl. Cook (Oeste),-36.226,-54.434,252,GS,HEANEY,2871,5,
G323453E54383S,Gl. Harker,-36.547,-54.383,251,GS,HARKER,2868,5,
G323841E54577S,Gl. Ross,-36.159,-54.577,253,GS,ROSS,2869,5,
G168556E44463S,None,168.556,-44.463,474,NZ,WHITBOURNE,1583,5,G168556E44463S
G170174E43508S,None,170.174,-43.508,473,NZ,VICTORIA,3034,5,G170165E43501S
G170802E43324S,None,170.802,-43.324,461,NZ,MC COY,1572,5,G170802E43324S
G170225E43472S,None,170.225,-43.472,438,NZ,ALMER/SALISBURY,1548,5,G170222E43467S
G170225E43495S,None,170.225,-43.495,450,NZ,FRANZ JOSEF,899,5,G170220E43493S
G170913E43237S,None,170.913,-43.237,464,NZ,RAMSAY,1568,5,G170913E43237S
G170830E43280S,None,170.83,-43.28,459,NZ,LYELL,1567,5,
G170014E43683S,None,170.014,-43.683,445,NZ,DOUGLAS (KAR.),1601,5,G170009E43687S
G169966E43673S,None,169.966,-43.673,455,NZ,HORACE WALKER,1600,5,G169954E43668S
G168609E44455S,None,168.609,-44.455,444,NZ,DART,898,5,G168609E44455S
G170591E43444S,None,170.591,-43.444,452,NZ,GODLEY,1581,5,G170591E43444S
G170112E43607S,None,170.112,-43.607,454,NZ,HOOKER,1576,5,G170118E43618S
G168373E44434S,None,168.373,-44.434,448,NZ,FORGOTTEN COL,2282,5,
G170080E43623S,None,170.08,-43.623,471,NZ,STRAUCHON,1599,5,
G170361E43489S,None,170.361,-43.489,475,NZ,WHYMPER,1609,5,G170362E43486S
G169947E43804S,None,169.947,-43.804,465,NZ,RICHARDSON,1574,5,G169947E43804S
G169959E43779S,None,169.959,-43.779,458,NZ,LE BLANC,1595,5,G169959E43779S
G168578E44439S,None,168.578,-44.439,469,NZ,SNOW WHITE,1588,5,G168578E44439S
G170734E43324S,None,170.734,-43.324,437,NZ,ADAMS,2923,5,G170734E43324S
G170528E43268S,None,170.528,-43.268,467,NZ,SIEGE,1616,5,
G269123E79515N,"White Glacier,",-90.877,79.515,97,CA,WHITE,0,5,G269123E79515N
G282730E09653S,"Yanamarey,",-77.27,-9.653,481,PE,YANAMAREY,226,5,
G037314E00157S,"Lewis,",37.314,-0.157,357,KE,LEWIS,695,5,G037314E00157S
G137187E04068S,"E Northwall Firn,",137.187,-4.068,255,ID,MEREN,1050,5,
G288100E41188S,None,-71.9,-41.188,156,CL,VERDE,2012,5,
G289963E33120S,Gl. Grande del Nevado,-70.037,-33.12,20,AR,GRANDE DEL NEVADO DEL PLOMO,3304,5,
G288165E41175S,None,-71.835,-41.175,18,AR,CASTANO OVERO,918,5,
G288162E41175S,Gl. Casta?o Overa,-71.838,-41.175,18,AR,CASTANO OVERO,918,5,
G289986E32570S,Gl. de las Vacas,-70.014,-32.57,36,AR,VACAS,2849,5,
G290269E33382S,None,-69.731,-33.382,31,AR,TUPUNGATO,4528,5,
G289852E32593S,Gl.Piloto,-70.148,-32.593,27,AR,PILOTO ESTE,3589,5,
G288153E41157S,None,-71.847,-41.157,19,AR,FRIAS,1347,5,
G288159E41156S,Gl. Fr?as,-71.841,-41.156,19,AR,FRIAS,1347,5,
G288174E41166S,None,-71.826,-41.166,12,AR,ALERCE,1346,5,
G288172E41166S,Gl. Alerce,-71.828,-41.166,12,AR,ALERCE,1346,5,
G289424E35275S,Gl. Azufre,-70.576,-35.275,14,AR,AZUFRE,2851,5,
G289902E33030S,None,-70.098,-33.03,150,CL,JUNCAL NORTE,2001,5,
G289994E32681S,Gl. Horcones Inferior,-70.006,-32.681,22,AR,HORCONES INFERIOR,919,5,
G010513E46507N,Ortles Basso / Ortler Niederer,10.513,46.507,279,IT,BASSA DELL' ORTLES / ORTLERF. NIEDERER,1128,5,
G007908E45948N,Belvedere,7.908,45.948,280,IT,BELVEDERE (MACUGNAGA),618,5,
G007219E45477N,Grand Etret,7.219,45.477,302,IT,GRAND ETRET,1238,5,
G009753E46263N,Cassandra Est,9.753,46.263,286,IT,CASSANDRA OR.,1185,5,
G010633E46456N,Cevedale / Zufall,10.633,46.456,291,IT,CEVEDALE PRINCIPALE / ZUFALLF.,662,5,
G010473E46507N,Madaccio / Madatsch,10.473,46.507,316,IT,MADACCIO (VEDR. DEL) / MADATSCHF.,1129,5,
G010629E46442N,La Mare,10.629,46.442,307,IT,LA MARE (VEDRETTA DE),636,5,
G010734E46818N,Vallelunga / Langtauferer,10.734,46.818,346,IT,VALLELUNGA (VEDR. DI) / LANGTAUFERERF.,659,5,
G010558E46475N,Miniera,10.558,46.475,312,IT,LO ZEBRU (VEDRETTA DE),1160,5,
G007142E45337N,Sea-Tonini,7.142,45.337,339,IT,SEA,1299,5,
G011184E46953N,Malavalle / Übeltal,11.184,46.953,317,IT,MALAVALLE (VEDR. DI) / UEBELTALF.,672,5,
G010662E46230N,Presanella,10.662,46.23,333,IT,PRESANELLA,637,5,
G007663E45970N,Forca,7.663,45.97,295,IT,FORCA,1204,5,
G007581E45956N,Grandes Murailles,7.581,45.956,304,IT,GRANDES MURAILLES,622,5,
G009741E46261N,Preda Rossa,9.741,46.261,332,IT,PREDAROSSA,1182,5,
G007265E45549N,Gran Neyron Ovest,7.265,45.549,299,IT,GRAN NEYRON,1283,5,
G007887E45948N,Nordend,7.887,45.948,324,IT,NORDEND,1211,5,
G007045E45907N,Prè de Bar,7.045,45.907,331,IT,PRE DE BAR,681,5,
G010658E46213N,Nardis Ovest,10.658,46.213,323,IT,NARDIS OCC.,639,5,
G011228E46965N,Vedretta Pendente / Hangender,11.228,46.965,326,IT,PENDENTE (VEDR.) / HANGENDERF.,675,5,
G007260E45523N,Lavacciù,7.26,45.523,310,IT,LAVACCIU,1285,5,
G010535E46167N,Adamello,10.535,46.167,318,IT,MANDRONE,664,5,
G007794E45916N,Verra Piccolo - Castore,7.794,45.916,288,IT,CASTORE,1208,5,
G010571E46495N,Solda / Sulden,10.571,46.495,340,IT,SOLDA (VEDRETTA DI) / SULDENF.,660,5,
G007342E45528N,Money,7.342,45.528,321,IT,MONEY,1272,5,
G012146E46925N,Sassolungo Ovest/Westl. Lenkestein oder Lankstein,12.146,46.925,337,IT,SASSO LUNGO OCC. (VEDR. DI) / LENKSTEINF. WESTL.,678,5,
G010865E46154N,Camosci,10.865,46.154,308,IT,LAGOL,1154,5,
G007380E45524N,Valeille,7.38,45.524,344,IT,VALEILLE,1268,5,
G010461E46500N,Vitelli,10.461,46.5,351,IT,VITELLI,671,5,
G007858E45898N,Indren,7.858,45.898,306,IT,INDREN OCC.,1209,5,
G007028E45901N,Triolet,7.028,45.901,342,IT,TRIOLET,1227,5,
G010577E46153N,Lobbia,10.577,46.153,313,IT,LOBBIA,1150,5,
G007761E45922N,Verra Grande,7.761,45.922,349,IT,VERRA (GRANDE DI),1206,5,
G010810E46783N,None,10.81,46.783,42,AT,HOCHJOCH F.,492,5,
G010830E46790N,Hochjoch Ferner,10.83,46.79,42,AT,HOCHJOCH F.,492,5,
G012219E47064N,Lana / Äusseres Lahner,12.219,47.064,309,IT,LANA (VEDR. DI) / AEUSSERES LAHNER KEES,650,5,
G008087E46260N,Aurona E,8.087,46.26,277,IT,AURONA,616,5,
G010859E46549N,Orecchia / Hasenohr,10.859,46.549,334,IT,QUAIRA BIANCA (VEDR. DELLA) / WEISSKARF.,686,5,
G006819E45785N,Lex Blanche,6.819,45.785,311,IT,LEX BLANCHE,682,5,
G007846E45906N,Lys,7.846,45.906,315,IT,LYS,620,5,
G006830E45811N,Miage,6.83,45.811,319,IT,MIAGE,613,5,
G011715E46972N,Quaira Bianca / Weisskar,11.715,46.972,301,IT,GRAN PILASTRO (GHIAC. DEL) / GLIEDERF.,652,5,
G009837E46351N,Scerscen Inferiore,9.837,46.351,338,IT,SCERSCEN INFERIORE,1186,5,
G007022E45508N,Gliairetta-Vaudet,7.022,45.508,297,IT,GLIAIRETTA VAUDET,1248,5,
G007276E45599N,Trajo,7.276,45.599,341,IT,TRAJO,1278,5,
G007882E45908N,Piode,7.882,45.908,328,IT,PIODE,619,5,
G010609E46395N,Forni,10.609,46.395,296,IT,FORNI CENTRALE,670,5,
G010555E46377N,Dosegù,10.555,46.377,293,IT,DOSEGU,668,5,
G006628E45300N,None,6.628,45.3,198,FR,GEBROULAZ,352,5,
G007009E45873N,Frèbouzie,7.009,45.873,303,IT,GRANDES JORASSES,1224,5,
G010712E46808N,Barbadorso (Barbadorso di Dentro) / Barenbart,10.712,46.808,278,IT,BARBADORSO DI DENTRO / BAERENBARTF. INNERER,658,5,
G010598E46450N,Cedèc,10.598,46.45,289,IT,CEDEC,1165,5,
G010681E46458N,Vedretta Alta / Hohenferner,10.681,46.458,276,IT,ALTA (VEDRETTA) / HOHENF.,632,5,
G006899E45830N,Brenva,6.899,45.83,283,IT,BRENVA,615,5,
G006872E45809N,Brouillard,6.872,45.809,284,IT,BROUILLARD,608,5,
G010508E46165N,Frati,10.508,46.165,347,IT,VENEROCOLO,665,5,
G010534E46452N,Castelli Ovest,10.534,46.452,287,IT,CASTELLI OCC.,1163,5,
G007351E45541N,Patrì,7.351,45.541,327,IT,PENE BLANCHE,1270,5,
G010525E46196N,Pisgana Ovest,10.525,46.196,329,IT,PISGANA OCC.,666,5,
G010609E46466N,Vedretta Lunga / Langenferner,10.609,46.466,314,IT,LUNGA (VEDRETTA) / LANGENF.,661,5,
G008203E46301N,None,8.203,46.301,282,IT,BOCCARECCIO,1175,5,
G007561E46022N,None,7.561,46.022,122,CH,MONT MINE,378,5,
G008051E46566N,None,8.051,46.566,145,CH,UNTERER GRINDELWALD,443,5,
G008010E46463N,MITTELALETSCHGLETSCHER,8.01,46.463,119,CH,MITTELALETSCH,470,5,
G007867E46119N,RIEDGLETSCHER,7.867,46.119,129,CH,RIED,387,5,
G010185E46859N,None,10.185,46.859,44,AT,JAMTAL F.,480,5,
G010178E46854N,"Jamtal Ferner,",10.178,46.854,44,AT,JAMTAL F.,480,5,
G010144E46868N,Jamtal Ferner,10.144,46.868,44,AT,JAMTAL F.,480,5,
G012386E47103N,Schlaten Kees,12.386,47.103,54,AT,SCHLATEN K.,580,5,
G012678E47096N,Pasterzen Kees,12.678,47.096,52,AT,PASTERZE,566,5,
G011080E47001N,Sulztal Ferner,11.08,47.001,57,AT,SULZTAL F.,503,5,
G010102E46852N,Ochsentaler Gletscher,10.102,46.852,50,AT,OCHSENTALER G.,483,5,
G010987E46794N,Kleinleiten Ferner,10.987,46.794,40,AT,GURGLER F.,511,5,
G012246E47058N,Umbal Kees,12.246,47.058,59,AT,UMBAL K.,574,5,
G011021E46784N,Langtaler Ferner,11.021,46.784,45,AT,LANGTALER F.,510,5,
G010748E46850N,Gepatsch Ferner,10.748,46.85,39,AT,GEPATSCH F.,522,5,
G011128E47046N,Alpeiner Ferner,11.128,47.046,37,AT,ALPEINER F.,497,5,
G010889E46780N,Marzell Ferner,10.889,46.78,46,AT,MARZELL F.,515,5,
G012347E47131N,Untersulzbach Kees,12.347,47.131,60,AT,UNTERSULZBACH K.,582,5,
G012646E47110N,Oedenwinkel Kees,12.646,47.11,51,AT,OEDENWINKEL K.,559,5,
G008132E61573N,Storbrean,8.132,61.573,411,NO,STORBREEN,302,5,G008132E61573N
G008659E62680N,Vinnufonna,8.659,62.68,419,NO,VINNUFONNA,4513,5,
G074574E36571N,None,74.574,36.571,485,PK,BATURA,990,5,
G074546E36425N,None,74.546,36.425,494,PK,HASANABAD,998,5,
G074804E36123N,None,74.804,36.123,484,PK,BARPU,989,5,
G044537E42706N,None,44.537,42.706,216,GE,DEVDORAKI SOUTH,4565,5,
G043005E43089N,Tsaneri,43.005,43.089,243,GE,TSANERI NORTH,774,5,
G042838E43099N,Tviberi,42.838,43.099,236,GE,SERI,4547,5,
G042497E43168N,Kvishi,42.497,43.168,225,GE,KVISHI,1109,5,
G043016E43017N,Adishi,43.016,43.017,207,GE,ADISHI,4551,5,
G044416E42704N,Suatisi_Central,44.416,42.704,240,GE,SUATISI CENTRAL,770,5,
G041420E43362N,Marukhi Severniy,41.42,43.362,529,RU,MARUKHSKIY,727,5,
G046267E42350N,50,46.267,42.35,538,RU,YUGO-VOSTOCHNIY,778,5,
G042838E43120N,Tviberi,42.838,43.12,208,GE,ASMASHI,4548,5,
G044499E42692N,Gergeti,44.499,42.692,219,GE,GERGETI,768,5,
G043844E42752N,Tseya,43.844,42.752,536,RU,TSEYA,704,5,
G041843E43225N,Khakel,41.843,43.225,520,RU,KHAKEL,700,5,
G044522E42694N,None,44.522,42.694,206,GE,ABANO,767,5,
G043421E42876N,None,43.421,42.876,247,GE,ZOPKHITO,4557,5,
G043420E42875N,Chasakhtomi,43.42,42.875,247,GE,ZOPKHITO,4557,5,
G044754E42623N,Kibesha,44.754,42.623,222,GE,KIBESHA,772,5,
G043719E42767N,Boko,43.719,42.767,209,GE,BOKO,4560,5,
G042337E43141N,Shdavleri,42.337,43.141,237,GE,SHDAVLERI,4540,5,
G044443E42706N,Suatisi_Eastern,44.443,42.706,241,GE,SUATISI EASTERN,4564,5,
G042766E43151N,Lekhziri,42.766,43.151,230,GE,LEKHZIRI CENTRAL,4546,5,
G042522E43171N,Dolra,42.522,43.171,217,GE,DOLRA,4543,5,
G042950E43105N,Kvitlodi,42.95,43.105,226,GE,KVITLODI,4549,5,
G043128E42966N,Namkvami,43.128,42.966,233,GE,NAMKVANI,4554,5,
G044517E42715N,Devdoraki,44.517,42.715,214,GE,DEVDORAK,8495,5,G044523E42715N
G043157E42956N,Koruldashi,43.157,42.956,224,GE,KORULDASHI,783,5,
G041572E43240N,Sopruju_Southern,41.572,43.24,239,GE,SOPRUJU SOUTH,4538,5,
G043106E42983N,Shkhara,43.106,42.983,238,GE,SHKHARA,4553,5,
G042100E43207N,Sakeni,42.1,43.207,235,GE,SAKENI,4539,5,
G041406E43354N,Marukhi_Southern,41.406,43.354,231,GE,MARUKHI SOUTH,4537,5,
G042633E43131N,Ushba,42.633,43.131,245,GE,USHBA NORTH,4544,5,
G042766E43192N,Djankuat,42.766,43.192,516,RU,DJANKUAT,726,5,
G042693E43189N,Kashkatash,42.693,43.189,519,RU,KASHKATASH,4318,5,
G044483E42698N,Mna,44.483,42.698,232,GE,MNA,769,5,
G043043E42994N,Khalde,43.043,42.994,221,GE,KHALDE,4552,5,
G236327E47797N,Hoh Glacier WA,-123.673,47.797,735,US,HOH,191,5,
G236316E47813N,Blue Glacier WA,-123.684,47.813,697,US,BLUE GLACIER,210,5,
G236260E47804N,White Glacier WA,-123.74,47.804,796,US,WHITE,212,5,
G008461E61404N,Slettmarkbrean,8.461,61.404,410,NO,SLETTMARKBREEN,3603,5,
G014367E66003N,Corneliussenbreen,14.367,66.003,407,NO,CORNELIUSSENBREEN,3341,5,G014367E66003N
G014028E66722N,Tretten-null-to-breen,14.028,66.722,417,NO,TRETTEN-NULL-TOBREEN,312,5,G014028E66722N
G238199E48784N,Park Glacier WA,-121.801,48.784,756,US,PARK,1363,5,
G238260E46822N,Nisqually Glacier WA,-121.74,46.822,753,US,NISQUALLY,201,5,
G238290E46827N,Cowlitz Glacier WA,-121.71,46.827,712,US,COWLITZ,202,5,
G009278E46466N,Pizzo Ferrè,9.278,46.466,330,IT,PIZZO FERRE,1181,5,
G238169E48750N,Easton Glacier WA,-121.831,48.75,719,US,EASTON,1367,5,
G238936E48358N,South Cascade Glacier WA,-121.064,48.358,769,US,SOUTH CASCADE,205,5,
G238302E45388N,Coe Glacier OR,-121.698,45.388,710,US,COE,3564,5,
G238287E46868N,Emmons Glacier WA,-121.713,46.868,722,US,EMMONS,203,5,
G238208E48772N,Boulder Glacier WA,-121.792,48.772,698,US,BOULDER,1364,5,
G238190E48752N,Squak Glacier WA,-121.81,48.752,771,US,SQUAK,1366,5,
G238232E46829N,Kautz Glacier WA,-121.768,46.829,740,US,KAUTZ,200,5,
G238908E48572N,North Klawatti Glacier WA,-121.092,48.572,755,US,NORTH KLAWATTI,1664,5,
G238200E48757N,Talum Glaciers WA,-121.8,48.757,775,US,TALUM,1365,5,
G246276E48753N,Grinnell Glacier MT,-113.724,48.753,731,US,GRINNELL,217,5,
G238229E46907N,Carbon Glacier WA,-121.771,46.907,701,US,CARBON,204,5,
G010639E46452N,Forcola / Furkele,10.639,46.452,290,IT,CEVEDALE FORCOLA / FUERKELEF.,663,5,
G009919E46350N,Marinelli,9.919,46.35,294,IT,FELLARIA OCC.,627,5,
G007256E45516N,Gran Paradiso,7.256,45.516,300,IT,GRAN PARADISO,1235,5,
G087674E50129N,None,87.674,50.129,521,RU,KORUMDU,793,5,
G018428E68052N,E Bossusglaciaren,18.428,68.052,548,SE,PASSUSJIETNA E,331,5,G018428E68052N
G018496E67910N,Rabots glaciar,18.496,67.91,550,SE,RABOTS GLACIAER,334,5,
G018686E68081N,Moarhmmaglaciaren,18.686,68.081,545,SE,MARMAGLACIAEREN,1461,5,G018686E68081N
G018434E67976N,E Reaiddaglaciaren,18.434,67.976,557,SE,UNNA RAEITA GLACIAEREN,343,5,G018434E67976N
G018569E67903N,Storglaciaren,18.569,67.903,554,SE,STORGLACIAEREN,332,5,G018569E67903N
G018384E68049N,W Bossusglaciaren,18.384,68.049,549,SE,PASSUSJIETNA W,345,5,G018384E68049N
G018399E67969N,W Reaiddaglaciaren,18.399,67.969,555,SE,STOUR RAEITAGLACIAEREN,335,5,G018399E67969N
G018325E68360N,Gorsajokeln,18.325,68.36,542,SE,KARSOJIETNA,330,5,G018325E68360N
G018574E68151N,Goduglaciaren,18.574,68.151,544,SE,KUOTOTJAKKAGLACIAEREN,328,5,G018574E68151N
G018603E67938N,SE Kaskasatjakkaglaciaren,18.603,67.938,543,SE,KASKASATJ SE,329,5,G018603E67938N
G018564E67915N,Isfallsglaciaren,18.564,67.915,541,SE,ISFALLSGLACIAEREN,333,5,G018564E67915N
G017443E67410N,Oarjep Ruohtesjiegna,17.443,67.41,552,SE,RUOTESJEKNA,337,5,
G017468E67583N,None,17.468,67.583,540,SE,HYLLGLACIAEREN,344,5,G017468E67583N
G017655E67449N,Vardasjiegna,17.655,67.449,558,SE,VARTASJEKNA,339,5,G017655E67449N
G017571E67471N,Suottasjjiegna,17.571,67.471,556,SE,SUOTTASJEKNA,336,5,G017571E67471N
G017693E67415N,Mihkajiegna,17.693,67.415,546,SE,MIKKAJEKNA,338,5,G017693E67415N
G042869E43218N,None,42.869,43.218,539,RU,YUNOM,725,5,
G341345E65711N,Gljufurarjokull,-18.655,65.711,274,IS,GLJUFURARJOKULL,3080,5,G341343E65712N
G341633E65586N,None,-18.367,65.586,273,IS,BAEGISARJOKULL,3059,5,
G017655E67172N,Barddejiegna,17.655,67.172,547,SE,PARTEJEKNA,327,5,G017655E67172N
G016401E67130N,Salajiegna,16.401,67.13,553,SE,SALAJEKNA,341,5,
G072755E38852N,None,72.755,38.852,664,TJ,NO.572.14.03.08,2132,5,
G072757E38851N,None,72.757,38.851,664,TJ,NO.572.14.03.08,2132,5,
G077231E43080N,S.Stalskogo,77.231,43.08,395,KZ,DZHAMBUL,1099,5,
G212227E61302N,BALTIMORE,-147.773,61.302,692,US,BALTIMORE,105,5,
G170194E43578S,FRESHFIELD,170.194,-43.578,451,NZ,FRESHFIELD,2966,5,
G302049E63932S,Whisky Glacier,-57.951,-63.932,11,AQ,WHISKY GLACIER (IJR-45),10403,5,G301946E63935S
G237393E50422N,Place Glacier,-122.607,50.422,81,CA,PLACE,41,5,
G236152E51370N,None,-123.848,51.37,70,CA,ELKIN,62,5,
G236573E50439N,None,-123.427,50.439,88,CA,TERRIFIC,15,5,
G237176E50016N,Overlord Glacier,-122.824,50.016,79,CA,OVERLORD,43,5,
G236021E50479N,None,-123.979,50.479,95,CA,WAVE,14,5,
G237201E50137N,Wedgemount Glacier,-122.799,50.137,96,CA,WEDGEMOUNT,42,5,
G237020E49886N,Sentinel Glacier,-122.98,49.886,85,CA,SENTINEL,44,5,
G235508E51231N,None,-124.492,51.231,93,CA,UNNAMED CD5075,65,5,
G243446E51658N,Peyto Glacier,-116.554,51.658,80,CA,PEYTO,57,5,
G236115E50372N,Clendinning Glacier,-123.885,50.372,67,CA,CLENDENNING,17,5,
G239539E53028N,None,-120.461,53.028,66,CA,CASTLE CREEK,3349,5,
G234818E51352N,Tiedemann Glacier,-125.182,51.352,89,CA,TIEDEMANN,24,5,
G214814E63241N,Gakona Glacier,-145.186,63.241,726,US,GAKONA,1663,5,
G215065E60677N,Childs Glacier,-144.935,60.677,707,US,CHILDS,152,5,
G080221E41883N,None,80.221,41.883,173,CN,SAYIGAPEIR,868,5,G080154E41960N
G290238E33349S,None,-69.762,-33.349,35,AR,TUPUNGATO 04,2855,5,